,Grand_Parent_Folder,File_name,GT_Label,Prediction_Label,GT_Pixel_Coverage_Percent,Prediction_Pixel_Coverage_Percent,IoU,f1_score,GT_diameter_min,GT_diameter_max,GT_diameter_mean,GT_diameter_median,GT_area,GT_area_filled,GT_perimeter,GT_Circularity,GT_Filledness,pred_diameter_min,pred_diameter_max,pred_diameter_mean,pred_diameter_median,pred_area,pred_area_filled,pred_perimeter,pred_Circularity,pred_Filledness
0,OG,pos7_fr_80.tif,1,1,0.0012517211165352358,0.0015821533106558027,0.7624056261007722,0.8651874628743143,2.0,16.0,10.296374936319495,10.198039027185569,79890,79890,17891.55641077004,0.0031362165409124006,1.0,2.0,12.806248474865697,8.930968973769604,8.94427190999916,63205.0,63206.0,16271.692270270616,0.0029998245507766737,0.9999841787172103
1,OG,pos7_fr_80.tif,2,0,0.005122688386865427,0.0,0.0,0.0,2.0,2.8284271247461903,2.0046827573262886,2.0,19521,100728,20218.689280885814,0.0006000755464004379,0.19379914224446032,,,,,,,,,
2,OG,pos2_fr_80.tif,1,1,0.0012316332688778588,0.0014896025740332478,0.7901540021241672,0.8827776841395584,2.0,16.1245154965971,10.292264820240803,10.770329614269007,81193,81196,17923.968711760113,0.0031758508506228157,0.9999630523671117,2.0,13.416407864998739,9.067752760749347,10.0,67132.0,67136.0,16854.608142598154,0.002969628551180619,0.9999404194470924
3,OG,pos2_fr_80.tif,2,0,0.005310956503266238,0.0,0.0,0.0,2.0,2.8284271247461903,2.0034455952846497,2.0,18829,102035,19985.030693532768,0.0005924169559692707,0.1845347184789533,,,,,,,,,
4,OG,pos5_fr_1.tif,1,1,0.0052162119868551455,0.006807815372047111,0.7390857729840781,0.8499704666272888,2.0,14.560219778561036,11.380765890809114,12.0,19171,19171,4093.855264720937,0.014374397896226401,1.0,2.0,14.0,9.605309574002609,10.198039027185569,14689.0,14697.0,3590.704940401743,0.014316691157512365,0.9994556712254201
5,OG,pos5_fr_1.tif,2,0,0.021753317380900587,0.0,0.0,0.0,2.0,2.0,2.0,2.0,4597,23757,4786.37276247078,0.0025215717536344264,0.19350086290356527,,,,,,,,,
6,OG,pos2_fr_60.tif,1,1,0.0015938795027095952,0.001910803684029503,0.7991275933772143,0.8883501051497298,2.0,16.492422502470642,10.775236231772633,11.313708498984761,62740,62742,13520.883866212653,0.004312649995578844,0.9999681234260942,2.0,14.142135623730951,9.49875461453674,10.0,52334.0,52334.0,12825.170050032419,0.003998227756084183,1.0
7,OG,pos2_fr_60.tif,2,0,0.007028888732691362,0.0,0.0,0.0,2.0,2.8284271247461903,2.003343240456349,2.0,14227,77165,15161.683184231406,0.0007777291206274957,0.18437115272468088,,,,,,,,,
8,OG,pos2_fr_1.tif,1,1,0.0033158697526361166,0.0037520636349992497,0.8384518300378628,0.9121281464530893,2.0,15.231546211727817,11.125282792982784,11.661903789690601,30158,30158,6509.056633785212,0.008944916697051912,1.0,2.0,14.0,10.37885278602745,10.770329614269007,26652.0,26652.0,6194.131706210435,0.00872928750514701,1.0
9,OG,pos2_fr_1.tif,2,0,0.014210601108426887,0.0,0.0,0.0,2.0,2.8284271247461903,2.0001431778646297,2.0,7037,36652,7512.570993473476,0.0015668240778555949,0.19199497981010585,,,,,,,,,
10,OG,pos7_fr_1.tif,1,1,0.003234152652005175,0.0038220455587830607,0.8204547628918583,0.9013734146170556,2.0,15.620499351813308,11.37312035004418,11.661903789690601,30920,30920,6609.180479445714,0.008895167415041155,1.0,2.0,13.416407864998739,10.070939737469953,10.770329614269007,26164.0,26193.0,6214.343863625504,0.008513799982446545,0.9988928339632727
11,OG,pos7_fr_1.tif,2,0,0.013495276653171389,0.0,0.0,0.0,2.0,2.8284271247461903,2.0007040856066176,2.0,7410,37852,7727.3130214159555,0.0015594485884717606,0.1957624431998309,,,,,,,,,
12,OG,pos5_fr_80.tif,1,1,0.0019012491206722817,0.0026000364005096073,0.7097846292506149,0.8302620307935602,2.0,15.231546211727817,10.52080327608563,10.770329614269007,52597,52606,11430.54855022011,0.005058673998200397,0.9998289168535909,2.0,13.416407864998739,8.789154516130537,10.0,38461.0,38461.0,10060.825499323884,0.004774888152261041,1.0
13,OG,pos5_fr_80.tif,2,0,0.008052178114179884,0.0,0.0,0.0,2.0,2.8284271247461903,2.008617248419396,2.0,12419,64915,12735.257464443239,0.0009622347399430081,0.19131171532003388,,,,,,,,,
14,OG,pos2_fr_20.tif,1,1,0.00250457084178626,0.003082234003205523,0.7853072501665146,0.8797446490997776,2.0,16.1245154965971,11.46356120376274,12.0,39927,39938,8241.364425098536,0.007387173623337399,0.9997245730882869,2.0,14.0,9.934104321270503,10.0,32444.0,32524.0,7700.279071936799,0.006875928098275595,0.9975402779485918
15,OG,pos2_fr_20.tif,2,0,0.011367511651699443,0.0,0.0,0.0,2.0,2.8284271247461903,2.0021770560677976,2.0,8797,48164,9297.082753506407,0.0012789426273667256,0.18264679013370982,,,,,,,,,
16,OG,pos2_fr_40.tif,1,1,0.0020115058132518003,0.0024460044517281023,0.7850922131147541,0.8796097001004448,2.0,17.08800749063506,11.189334819485788,11.661903789690601,49714,49724,10324.219510350726,0.005861032267866415,0.999798889872094,2.0,14.0,9.862826177087134,10.0,40883.0,40885.0,9770.796062072364,0.005381368391600671,0.9999510823040235
17,OG,pos2_fr_40.tif,2,0,0.009152480322167308,0.0,0.0,0.0,2.0,2.8284271247461903,2.001096770244589,2.0,10926,60567,11625.248409196,0.0010159365306645423,0.18039526474813017,,,,,,,,,
18,OG,pos7_fr_60.tif,1,1,0.0015120129428307905,0.0018796639160918028,0.7776354400965249,0.8749099197238097,2.0,16.1245154965971,11.01283558376847,11.313708498984761,66137,66141,13982.85652100218,0.004250720530141108,0.9999395231399586,2.0,13.416407864998739,9.457019557030852,10.0,53201.0,53247.0,12953.177192707357,0.003984529501494308,0.9991361015644074
19,OG,pos7_fr_60.tif,2,0,0.006496881496881497,0.0,0.0,0.0,2.0,2.8284271247461903,2.003900062762604,2.0,15392,81567,16032.404830169602,0.0007525018596696888,0.18870376500300368,,,,,,,,,
20,OG,pos5_fr_40.tif,1,1,0.003158559696778269,0.004111503988158869,0.7423591658885776,0.8521310421206817,2.0,16.0,11.198126834043817,11.661903789690601,31660,31663,6669.255551870937,0.008944705713372757,0.9999052521870954,2.0,13.416407864998739,9.405555139327243,10.0,24322.0,24359.0,5996.175249343081,0.008500813990365683,0.9984810542304692
21,OG,pos5_fr_40.tif,2,0,0.013460761879122358,0.0,0.0,0.0,2.0,2.8284271247461903,2.0008311977840263,2.0,7429,38618,7700.441917710341,0.0015743776776485565,0.19237143301051324,,,,,,,,,
22,OG,pos5_fr_20.tif,1,1,0.003997122072108082,0.0055438518682780795,0.7006754354781373,0.8239966555183946,2.0,16.0,11.476326800218057,12.0,25018,25023,5227.059412909292,0.011506614919007993,0.9998001838308755,2.0,14.0,9.634151751660132,10.198039027185569,18038.0,18041.0,4420.547652876363,0.011599682269223206,0.9998337121002162
23,OG,pos5_fr_20.tif,2,0,0.017503938386136883,0.0,0.0,0.0,2.0,2.8284271247461903,2.0039270408843817,2.0,5713,30130,5921.653029104885,0.0020473315270626118,0.1896116827082642,,,,,,,,,
24,OG,pos7_fr_40.tif,1,1,0.0019099278047289814,0.002457545894669583,0.7575648823240527,0.8620619243624327,2.0,17.08800749063506,11.492694962760758,12.0,52358,52358,10802.836826080927,0.005637898855480471,1.0,2.0,14.0,9.747782721014978,10.0,40691.0,40702.0,9725.992021565255,0.005405556475181213,0.9997297430101715
25,OG,pos7_fr_40.tif,2,0,0.00838715088484442,0.0,0.0,0.0,2.0,2.8284271247461903,2.002088033080646,2.0,11923,63647,12424.723409833723,0.0009705590171738917,0.18733011768033056,,,,,,,,,
26,OG,pos5_fr_60.tif,1,1,0.0024137098720733766,0.0037028808412945275,0.6362853863810253,0.7777193290081243,2.0,16.492422502470642,10.974398311926363,11.661903789690601,41430,41433,8785.306596616017,0.006745450387537989,0.9999275939468539,2.0,14.0,8.93148778715762,10.0,27006.0,27036.0,6950.62413025961,0.00702461488859789,0.998890368397692
27,OG,pos5_fr_60.tif,2,0,0.010413412475268145,0.0,0.0,0.0,2.0,2.8284271247461903,2.002910165543605,2.0,9603,50311,9965.985207035848,0.0012150001078953536,0.19087277136212757,,,,,,,,,
28,OG,pos7_fr_20.tif,1,1,0.002443733046601989,0.0030837547798199085,0.7715438121920587,0.8710411866555782,2.0,16.0,11.332458820004671,12.0,40921,40923,8568.620305115002,0.0070038091746273115,0.9999511277276837,2.0,14.0,9.929830328324988,10.198039027185569,32428.0,32437.0,7682.734916059513,0.0069039610274031936,0.9997225390757468
29,OG,pos7_fr_20.tif,2,0,0.010495382031905962,0.0,0.0,0.0,2.0,2.8284271247461903,2.003711004247875,2.0,9528,50041,9933.441051158563,0.0012134228664649478,0.1904038688275614,,,,,,,,,
30,downsampling_2,pos7_fr_80.tif,1,1,0.005695733895312411,0.008553588230262595,0.62805455051489,0.7715399343544858,2.0,8.0,4.831413053196898,4.47213595499958,17557,17557,8404.624309728359,0.0031233709238233775,1.0,2.0,6.0,3.7674398235576083,4.0,11691.0,11691.0,7206.441410096062,0.002828914387134041,1.0
31,downsampling_2,pos7_fr_80.tif,2,0,0.010441683199331732,0.0,0.0,0.0,2.0,2.8284271247461903,2.0344221796985953,2.0,9577,27474,9209.543648263005,0.0014189370551727014,0.3485841158913882,,,,,,,,,
32,downsampling_2,pos2_fr_80.tif,1,1,0.005546004104043037,0.008066467693796887,0.646447703046372,0.7852635730248455,2.0,8.0,4.850288197180495,4.47213595499958,18031,18032,8440.10558648924,0.003180782094465509,0.9999445430346051,2.0,6.0,3.8095097435004415,4.0,12397.0,12397.0,7554.260781973569,0.0027298734769928695,1.0
33,downsampling_2,pos2_fr_80.tif,2,0,0.010827197921177999,0.0,0.0,0.0,2.0,2.8284271247461903,2.0200279085103476,2.0,9236,27712,9103.717313179313,0.0014004134106216477,0.3332852193995381,,,,,,,,,
34,downsampling_2,pos5_fr_1.tif,1,1,0.023518344308560677,0.03436426116838488,0.6426605504587156,0.7824629991622452,2.0,8.0,5.307673051223058,5.656854249492381,4252,4252,1902.3971490884194,0.014763888171219807,1.0,2.0,6.0,4.210566291876911,4.0,2910.0,2910.0,1604.3189386016174,0.014207623258445934,1.0
35,downsampling_2,pos5_fr_1.tif,2,0,0.044072278536800354,0.0,0.0,0.0,2.0,2.8284271247461903,2.008020080364855,2.0,2269,6515,2322.482322781408,0.005286150525269644,0.348273215656178,,,,,,,,,
36,downsampling_2,pos2_fr_60.tif,1,1,0.0071700007170000715,0.01031778786628147,0.6556240369799692,0.7919962773382969,2.0,8.246211251235321,5.070720387982231,5.656854249492381,13947,13953,6330.652521490607,0.00437314333311299,0.9995699849494732,2.0,6.0,3.9449154483909723,4.0,9692.0,9692.0,5705.028063085467,0.003742033743266752,1.0
37,downsampling_2,pos2_fr_60.tif,2,0,0.014300014300014301,0.0,0.0,0.0,2.0,2.8284271247461903,2.0141561060832385,2.0,6993,21110,7005.458295101267,0.0017906070427670727,0.3312648034107058,,,,,,,,,
38,downsampling_2,pos2_fr_1.tif,1,1,0.01487652484379649,0.02,0.7030364666569809,0.8256270261047602,2.0,7.211102550927978,5.26915433300906,5.656854249492381,6722,6722,3030.242999624618,0.009199271975897419,1.0,2.0,6.0,4.2615052287897,4.0,5000.0,5000.0,2748.4013331705255,0.008318012473601701,1.0
39,downsampling_2,pos2_fr_1.tif,2,0,0.028686173264486515,0.0,0.0,0.0,2.0,2.8284271247461903,2.003549134415193,2.0,3486,10138,3652.823555959612,0.0032830678423243598,0.3438548037088183,,,,,,,,,
40,downsampling_2,pos7_fr_1.tif,1,1,0.014692918013517485,0.020088388911209322,0.70412147505423,0.8263747454175153,2.0,7.211102550927978,5.239537808418556,5.656854249492381,6806,6806,3077.5211742176693,0.009030248661198531,1.0,2.0,6.0,4.240593878871153,4.0,4978.0,4978.0,2731.08152801713,0.008386783393472208,1.0
41,downsampling_2,pos7_fr_1.tif,2,0,0.027300027300027303,0.0,0.0,0.0,2.0,2.8284271247461903,2.014216840181558,2.0,3663,10375,3753.1717523440034,0.0032677581361953913,0.3530602409638554,,,,,,,,,
42,downsampling_2,pos5_fr_80.tif,1,1,0.008615490652192644,0.013650013650013651,0.6027258105477017,0.7521259177098188,2.0,8.0,4.929444773950288,5.656854249492381,11607,11608,5394.429037318494,0.005012321037640355,0.9999138525155066,2.0,6.0,3.764651475678388,4.0,7326.0,7326.0,4507.4481938335,0.004531221481753891,1.0
43,downsampling_2,pos5_fr_80.tif,2,0,0.016564518800728838,0.0,0.0,0.0,2.0,2.8284271247461903,2.0385832606240952,2.0,6037,17340,5813.631780548825,0.0022445846950211244,0.3481545559400231,,,,,,,,,
44,downsampling_2,pos2_fr_20.tif,1,1,0.011224604332697273,0.016278691193228063,0.6610019863164864,0.7959075205952697,2.0,8.0,5.449409554342379,6.0,8909,8913,3844.139535968399,0.007576009944009228,0.9995512173230113,2.0,6.0,4.171863235346946,4.0,6143.0,6143.0,3418.574998086832,0.006605415712889657,1.0
45,downsampling_2,pos2_fr_20.tif,2,0,0.02307869836141242,0.0,0.0,0.0,2.0,2.8284271247461903,2.0067606993567164,2.0,4333,13031,4469.35151391472,0.0027258975332877925,0.3325147724656588,,,,,,,,,
46,downsampling_2,pos2_fr_40.tif,1,1,0.008991997122560921,0.012919896640826873,0.6623479640401904,0.7968824558613011,2.0,8.246211251235321,5.3405792278130235,5.656854249492381,11121,11127,4839.486865801013,0.005966986753126081,0.9994607710973308,2.0,6.0,4.1187155850070925,4.0,7740.0,7740.0,4380.874600704694,0.0050679133488367644,1.0
47,downsampling_2,pos2_fr_40.tif,2,0,0.018570102135561744,0.0,0.0,0.0,2.0,2.8284271247461903,2.0141694423867085,2.0,5385,16433,5513.96377901104,0.002225705780958563,0.32769427371751964,,,,,,,,,
48,downsampling_2,pos7_fr_60.tif,1,1,0.0068157033805888775,0.009957184108334164,0.6532878453408255,0.7902892979971677,2.0,8.246211251235321,5.1827807620276465,5.656854249492381,14672,14674,6593.837333695206,0.004240555231368199,0.9998637045113806,2.0,6.0,4.028796522099319,4.0,10043.0,10043.0,5764.561071674459,0.0037978764942088457,1.0
49,downsampling_2,pos7_fr_60.tif,2,0,0.013224014810896589,0.0,0.0,0.0,2.0,2.8284271247461903,2.031667924649924,2.0,7562,22301,7441.351693383469,0.001716101123855098,0.3390879332765347,,,,,,,,,
50,downsampling_2,pos5_fr_40.tif,1,1,0.014251104460595696,0.021547080370609782,0.6295778585406765,0.7726882827243094,2.0,8.0,5.257141107714737,5.656854249492381,7017,7017,3133.0054095713817,0.008983365110405327,1.0,2.0,6.0,4.093247915373945,4.0,4641.0,4641.0,2614.4469683442244,0.008532214369866967,1.0
51,downsampling_2,pos5_fr_40.tif,2,0,0.027218290691344585,0.0,0.0,0.0,2.0,2.8284271247461903,2.0242366765435085,2.0,3674,10627,3644.2600640985715,0.0034764044114469882,0.3457231579937894,,,,,,,,,
52,downsampling_2,pos5_fr_20.tif,1,1,0.01793400286944046,0.028727377190462512,0.5982001058761249,0.7485922490891024,2.0,8.0,5.40156871390981,6.0,5576,5576,2442.031708761325,0.011749788021659416,1.0,2.0,6.0,4.214362720581279,4.0,3481.0,3481.0,1915.035713374682,0.011927794063129302,1.0
53,downsampling_2,pos5_fr_20.tif,2,0,0.035523978685612786,0.0,0.0,0.0,2.0,2.8284271247461903,2.007836472801653,2.0,2815,8255,2863.891485709898,0.0043129571819113454,0.3410054512416717,,,,,,,,,
54,downsampling_2,pos7_fr_40.tif,1,1,0.00859771300833978,0.012918227619170651,0.6418340537333672,0.7818500929176131,2.0,8.0,5.388776179204705,5.656854249492381,11631,11631,5065.304145637466,0.005696601822318407,1.0,2.0,6.0,4.195096857251451,4.0,7741.0,7741.0,4266.880697359104,0.005343009314623067,1.0
55,downsampling_2,pos7_fr_40.tif,2,0,0.016986580601324953,0.0,0.0,0.0,2.0,2.8284271247461903,2.025373243033809,2.0,5887,17419,5911.164789137816,0.002117179921279807,0.33796429186520466,,,,,,,,,
56,downsampling_2,pos5_fr_60.tif,1,1,0.010927767457108512,0.018625442354255912,0.5656674574078068,0.7225895316804408,2.0,8.0,5.139240542439995,5.656854249492381,9151,9154,4139.980156401965,0.00670937244000689,0.9996722744155561,2.0,6.0,3.896056608952848,4.0,5369.0,5369.0,3200.5800487207157,0.006586366305374131,1.0
57,downsampling_2,pos5_fr_60.tif,2,0,0.021177467174925878,0.0,0.0,0.0,2.0,2.8284271247461903,2.0261413753410555,2.0,4722,13677,4627.812408671319,0.0027706671417637454,0.34525115156832636,,,,,,,,,
58,downsampling_2,pos7_fr_20.tif,1,1,0.011021712774165107,0.016123831022250887,0.6633997604268758,0.7976432078559739,2.0,8.0,5.297986090330945,5.656854249492381,9073,9073,4020.986253056375,0.007051728745644461,1.0,2.0,6.0,4.210955485562184,4.0,6202.0,6202.0,3404.8531726798838,0.006722717297086269,1.0
59,downsampling_2,pos7_fr_20.tif,2,0,0.021272069772388852,0.0,0.0,0.0,2.0,2.8284271247461903,2.0215533212638093,2.0,4701,13669,4772.901766446414,0.002593194687195409,0.3439168922379106,,,,,,,,,
60,downsampling_4,pos7_fr_80.tif,1,0,0.030248033877797946,0.0,0.0,0.0,2.0,4.0,2.20277141646496,2.0,3306,3306,2951.2478707897517,0.004769812855364755,1.0,,,,,,,,,
61,downsampling_4,pos7_fr_80.tif,2,0,0.022983222247759134,0.0,0.0,0.0,2.0,4.0,2.046452962607131,2.0,4351,7562,4060.7585848021563,0.0033157715819545205,0.5753768844221105,,,,,,,,,
62,downsampling_4,pos2_fr_80.tif,1,0,0.028935185185185182,0.0,0.0,0.0,2.0,4.0,2.20569127638625,2.0,3456,3490,2976.4499269370554,0.004902148196880199,0.9902578796561604,,,,,,,,,
63,downsampling_4,pos2_fr_80.tif,2,0,0.023479690068091103,0.0,0.0,0.0,2.0,4.0,2.042134691357517,2.0,4259,7585,4076.303786699967,0.0032209532353087112,0.5615029663810152,,,,,,,,,
64,downsampling_4,pos5_fr_1.tif,1,0,0.12626262626262627,0.0,0.0,0.0,2.0,4.0,2.3060069221933914,2.0,792,792,686.0782104868019,0.021144031274056535,1.0,,,,,,,,,
65,downsampling_4,pos5_fr_1.tif,2,0,0.09000900090009001,0.0,0.0,0.0,2.0,2.8284271247461903,2.008929154637983,2.0,1111,1897,1120.770598642227,0.01111451366011147,0.5856615709014233,,,,,,,,,
66,downsampling_4,pos2_fr_60.tif,1,0,0.03746721618583739,0.0,0.0,0.0,2.0,4.0,2.2673917959058465,2.0,2669,2671,2248.277308041275,0.0066352712803157835,0.9992512167727443,,,,,,,,,
67,downsampling_4,pos2_fr_60.tif,2,0,0.030275507114744173,0.0,0.0,0.0,2.0,4.0,2.0312676909467786,2.0,3303,5863,3214.9940828143394,0.004015670607531322,0.5633634658024902,,,,,,,,,
68,downsampling_4,pos2_fr_1.tif,1,0,0.078064012490242,0.0,0.0,0.0,2.0,4.0,2.3191709089318704,2.0,1281,1281,1054.6000717874997,0.014473827775909326,1.0,,,,,,,,,
69,downsampling_4,pos2_fr_1.tif,2,0,0.05885815185403178,0.0,0.0,0.0,2.0,2.8284271247461903,2.0095514272645603,2.0,1699,2945,1762.7016228714147,0.006871406386155173,0.5769100169779287,,,,,,,,,
70,downsampling_4,pos7_fr_1.tif,1,0,0.07604562737642585,0.0,0.0,0.0,2.0,4.0,2.323268923977592,2.0,1315,1315,1119.286363288515,0.013190255000667511,1.0,,,,,,,,,
71,downsampling_4,pos7_fr_1.tif,2,0,0.05694760820045558,0.0,0.0,0.0,2.0,2.8284271247461903,2.0195443233387613,2.0,1756,3036,1778.3046532517446,0.006977856690926501,0.5783926218708827,,,,,,,,,
72,downsampling_4,pos5_fr_80.tif,1,0,0.046511627906976744,0.0,0.0,0.0,2.0,4.0,2.1707581497852493,2.0,2150,2150,1904.8965363437815,0.007445700101353072,1.0,,,,,,,,,
73,downsampling_4,pos5_fr_80.tif,2,0,0.03616636528028933,0.0,0.0,0.0,2.0,2.8284271247461903,2.0373436061414085,2.0,2765,4770,2643.8620484583753,0.004970812916014236,0.5796645702306079,,,,,,,,,
74,downsampling_4,pos2_fr_20.tif,1,0,0.05803830528148578,0.0,0.0,0.0,2.0,4.0,2.4307162129496875,2.0,1723,1724,1384.4234482783627,0.011296847045238503,0.9994199535962877,,,,,,,,,
75,downsampling_4,pos2_fr_20.tif,2,0,0.048473097430925836,0.0,0.0,0.0,2.0,2.8284271247461903,2.0089304128856598,2.0,2063,3718,2113.4650788387053,0.0058038868815576215,0.5548682087143626,,,,,,,,,
76,downsampling_4,pos2_fr_40.tif,1,0,0.046189376443418015,0.0,0.0,0.0,2.0,4.0,2.4253500196841666,2.0,2165,2166,1738.9453095790602,0.008996962652946033,0.9995383194829178,,,,,,,,,
77,downsampling_4,pos2_fr_40.tif,2,0,0.03947887879984208,0.0,0.0,0.0,2.0,4.0,2.020215650588444,2.0,2533,4626,2550.0580079512683,0.004894912516121896,0.5475572849113706,,,,,,,,,
78,downsampling_4,pos7_fr_60.tif,1,0,0.03635041802980734,0.0,0.0,0.0,2.0,4.47213595499958,2.2694077546050098,2.0,2751,2752,2392.265114732455,0.006040624503262198,0.9996366279069767,,,,,,,,,
79,downsampling_4,pos7_fr_60.tif,2,0,0.02844141069397042,0.0,0.0,0.0,2.0,2.8284271247461903,2.0395121554488163,2.0,3516,6190,3379.1656556895928,0.0038693655909022395,0.5680129240710824,,,,,,,,,
80,downsampling_4,pos5_fr_40.tif,1,0,0.07727975270479134,0.0,0.0,0.0,2.0,4.0,2.245266035669727,2.0,1294,1294,1120.2325394193526,0.012957695601302253,1.0,,,,,,,,,
81,downsampling_4,pos5_fr_40.tif,2,0,0.05701254275940707,0.0,0.0,0.0,2.0,4.0,2.034952435515052,2.0,1754,3039,1684.8427124746192,0.0077646292832800525,0.5771635406383678,,,,,,,,,
82,downsampling_4,pos5_fr_20.tif,1,0,0.09606147934678194,0.0,0.0,0.0,2.0,4.0,2.300946149098696,2.0,1041,1041,897.8122292025696,0.016228917786103345,1.0,,,,,,,,,
83,downsampling_4,pos5_fr_20.tif,2,0,0.07407407407407407,0.0,0.0,0.0,2.0,2.8284271247461903,2.008074338447819,2.0,1350,2358,1352.6761902332487,0.009271626779728698,0.5725190839694656,,,,,,,,,
84,downsampling_4,pos7_fr_40.tif,1,0,0.045351473922902494,0.0,0.0,0.0,2.0,4.47213595499958,2.3739167703026496,2.0,2205,2205,1870.9453095790602,0.007915826606387446,1.0,,,,,,,,,
85,downsampling_4,pos7_fr_40.tif,2,0,0.035842293906810034,0.0,0.0,0.0,2.0,2.8284271247461903,2.027777635346519,2.0,2790,4906,2744.57882323144,0.004654388717677143,0.5686913982878108,,,,,,,,,
86,downsampling_4,pos5_fr_60.tif,1,0,0.05701254275940707,0.0,0.0,0.0,2.0,4.0,2.2904850206206704,2.0,1754,1758,1506.4345955666558,0.009712675774368264,0.9977246871444824,,,,,,,,,
87,downsampling_4,pos5_fr_60.tif,2,0,0.04616805170821791,0.0,0.0,0.0,2.0,2.8284271247461903,2.0389408757929632,2.0,2166,3783,2084.0447686219222,0.006266921116866629,0.5725614591593973,,,,,,,,,
88,downsampling_4,pos7_fr_20.tif,1,0,0.058004640371229696,0.0,0.0,0.0,2.0,4.47213595499958,2.3476654620574267,2.0,1724,1724,1468.6955262170045,0.01004346525697688,1.0,,,,,,,,,
89,downsampling_4,pos7_fr_20.tif,2,0,0.044642857142857144,0.0,0.0,0.0,2.0,2.8284271247461903,2.0193349239168774,2.0,2240,3910,2237.050865276332,0.005624788076018012,0.5728900255754475,,,,,,,,,
90,upsampling_2,pos7_fr_80.tif,1,1,0.00029619624778593303,0.00032954032420177097,0.8026792719174173,0.8905403023396931,2.0,32.0,18.586734995377476,20.0,337614,337614,39368.80969113117,0.0027373210874929955,1.0,2.0,27.85677655436824,17.586913498469546,20.0,303453.0,305003.0,36549.455967290596,0.002854561903784278,0.9949180827729563
91,upsampling_2,pos7_fr_80.tif,2,0,0.002397334164409177,0.0,0.0,0.0,2.0,2.8284271247461903,2.000797975355533,2.0,41713,371757,42746.74920140939,0.0002868633746601833,0.11220501564193815,,,,,,,,,
92,upsampling_2,pos2_fr_80.tif,1,1,0.00029267921480020253,0.00031466430039112775,0.8230950623529639,0.9029645017968975,2.0,32.0,18.67871120904914,20.0,341671,341680,39359.33992059609,0.0027715477793413936,0.9999736595645048,2.0,28.844410203711913,18.080915954891683,20.396078054371138,317799.0,318383.0,37579.31209856331,0.0028279044964874085,0.9981657312105232
93,upsampling_2,pos2_fr_80.tif,2,0,0.002427302296227972,0.0,0.0,0.0,2.0,2.8284271247461903,2.000882797036337,2.0,41198,377681,42577.83682608093,0.00028557409605162426,0.10908147351865728,,,,,,,,,
94,upsampling_2,pos5_fr_1.tif,1,1,0.0012350253180190194,0.0014529392961962048,0.7454672570496388,0.8541750113487676,2.0,30.0,19.607392412410555,21.540659228538015,80970,80970,9036.172111281503,0.01246134772014321,1.0,2.0,28.0,15.576005110138556,17.88854381999832,68826.0,69027.0,9176.552195895967,0.010270777375614278,0.9970880959624495
95,upsampling_2,pos5_fr_1.tif,2,0,0.010327377878756584,0.0,0.0,0.0,2.0,2.0,2.0,2.0,9683,90211,9880.722004875697,0.0012463569356941683,0.10733724268659033,,,,,,,,,
96,upsampling_2,pos2_fr_60.tif,1,1,0.0003791727966268788,0.00040589522220733936,0.8271663753331232,0.9054089288199788,2.0,32.31098884280702,19.24122224894538,20.8806130178211,263732,263737,29736.00110760447,0.0037480688818388496,0.9999810417195919,2.0,30.0,18.349782442357128,21.2602916254693,246369.0,246678.0,28972.261202495007,0.00368834163294406,0.9987473548512635
97,upsampling_2,pos2_fr_60.tif,2,0,0.0032114069173705,0.0,0.0,0.0,2.0,2.8284271247461903,2.001261027836245,2.0,31139,289640,32155.41215231329,0.00037844813072306945,0.10750932191686231,,,,,,,,,
98,upsampling_2,pos2_fr_1.tif,1,1,0.0007877923694431096,0.0008126777732629013,0.8403183180088193,0.913231488037378,2.0,30.0,19.15387546590314,20.8806130178211,126937,126937,14380.59696451789,0.007713371779320126,1.0,2.0,29.120439557122072,19.717693606525845,22.360679774997898,123050.0,123126.0,14007.947791349583,0.007880294592234133,0.9993827461299807
99,upsampling_2,pos2_fr_1.tif,2,0,0.006541505854647739,0.0,0.0,0.0,2.0,2.8284271247461903,2.0001405781647286,2.0,15287,139673,15781.612624033818,0.0007713107275416824,0.10944849756216306,,,,,,,,,
100,upsampling_2,pos7_fr_1.tif,1,1,0.000766001777124123,0.0008330834083108401,0.8353096275680228,0.910265619512818,2.0,30.528675044947494,19.76534842515962,21.540659228538015,130548,130548,14687.174562260054,0.007605076264033276,1.0,2.0,29.5296461204668,17.982033633843187,22.0,120036.0,120294.0,14458.629032216715,0.007215511923586405,0.9978552546261659
101,upsampling_2,pos7_fr_1.tif,2,0,0.006352836541515787,0.0,0.0,0.0,2.0,2.8284271247461903,2.000069087409286,2.0,15741,143710,16114.040943477316,0.0007617864742458152,0.10953308746781713,,,,,,,,,
102,upsampling_2,pos5_fr_80.tif,1,1,0.0004505661363503242,0.0005801036065041217,0.7022784766410817,0.8251041016823644,2.0,30.0,19.14120303461769,20.8806130178211,221943,221966,25112.12145626589,0.004422669738117104,0.9998963805267473,2.0,27.202941017470888,15.622123763236933,18.867962264113206,172383.0,172912.0,22980.372136971688,0.004101948316433924,0.9969406403257148
103,upsampling_2,pos5_fr_80.tif,2,0,0.0037738697260170577,0.0,0.0,0.0,2.0,2.8284271247461903,2.000853085353782,2.0,26498,239819,27141.8787847868,0.00045200490386322254,0.11049166246210684,,,,,,,,,
104,upsampling_2,pos2_fr_20.tif,1,1,0.0005966373518847774,0.0006603013615414075,0.8154567490981097,0.8983488584932864,2.0,32.55764119219941,20.013519617817423,22.0,167606,167633,18174.823586751583,0.0063761572239184865,0.9998389338614712,2.0,28.844410203711913,18.58888897759559,21.633307652783937,151446.0,151569.0,17661.304535366933,0.006101296251450171,0.9991884884112187
105,upsampling_2,pos2_fr_20.tif,2,0,0.005240540823813017,0.0,0.0,0.0,2.0,2.8284271247461903,2.0011156516392785,2.0,19082,183177,19654.941663903202,0.0006207121367454632,0.104172467067372,,,,,,,,,
106,upsampling_2,pos2_fr_40.tif,1,1,0.00047933812991021995,0.0005258452963138244,0.8123321350826884,0.8964495186701806,2.0,33.28663395418648,19.785974421128927,21.540659228538015,208621,208648,22716.752877877214,0.005080136475812033,0.9998705954526284,2.0,33.52610922848042,18.017791139843208,20.8806130178211,190170.0,190581.0,22693.549806501356,0.0046403100573095876,0.9978434366489839
107,upsampling_2,pos2_fr_40.tif,2,0,0.0041974479516454,0.0,0.0,0.0,2.0,2.8284271247461903,2.0004915951001894,2.0,23824,230058,24605.03625178093,0.0004945116483300921,0.10355649444922585,,,,,,,,,
108,upsampling_2,pos7_fr_60.tif,1,1,0.0003587559777714796,0.0004065602562955856,0.7973911286040688,0.8872761369678697,2.0,32.0,19.60240133253707,21.540659228538015,278741,278751,30897.11885661056,0.0036692284372661743,0.9999641256892352,2.0,28.844410203711913,17.325596706130113,20.09975124224178,245966.0,247117.0,29817.1526882049,0.0034765830143907075,0.9953422872566436
109,upsampling_2,pos7_fr_60.tif,2,0,0.003036191401505951,0.0,0.0,0.0,2.0,2.8284271247461903,2.000626272843281,2.0,32936,304721,33791.63632356843,0.00036246182513516154,0.1080857571352155,,,,,,,,,
110,upsampling_2,pos5_fr_40.tif,1,1,0.0007484805844136404,0.0009222369780138705,0.7278659032824569,0.8425027681832454,2.0,32.0,19.903316356038495,21.633307652783937,133604,133613,14680.64555828442,0.007790027987197543,0.9999326412849049,2.0,29.5296461204668,16.232066628023997,18.973665961010276,108432.0,108694.0,14060.713159889176,0.006892116898175028,0.9975895633613631
111,upsampling_2,pos5_fr_40.tif,2,0,0.006378364587319812,0.0,0.0,0.0,2.0,2.0,2.0,2.0,15678,145477,16012.412480458817,0.0007683993451776483,0.10776961306598294,,,,,,,,,
112,upsampling_2,pos5_fr_20.tif,1,1,0.0009487305984592616,0.0012659509823779625,0.6698603589734302,0.8022950606303825,2.0,32.0,20.415088435991514,22.360679774997898,105404,105417,11488.661576737846,0.0100352473905675,0.9998766802318412,2.0,28.0,14.178310457789694,14.0,78992.0,79299.0,11201.138161802342,0.007911679133056319,0.9961285766529212
113,upsampling_2,pos5_fr_20.tif,2,0,0.008269930532583528,0.0,0.0,0.0,2.0,2.8284271247461903,2.00060570188774,2.0,12092,114318,12349.730193571158,0.0009963067285307264,0.10577511852901555,,,,,,,,,
114,upsampling_2,pos7_fr_40.tif,1,1,0.0004534982857764798,0.0005416355226241157,0.7655744063313039,0.8672241776794838,2.0,33.1058907144937,20.350547296152445,22.0,220508,220508,23878.101074261605,0.004859981788380804,1.0,2.0,28.635642126552707,16.18112212930822,18.439088914585774,184626.0,185171.0,23531.20474817854,0.004190003630068384,0.9970567745489305
115,upsampling_2,pos7_fr_40.tif,2,0,0.003931899500648764,0.0,0.0,0.0,2.0,2.8284271247461903,2.0005959907372275,2.0,25433,240371,26049.842204860342,0.00047097435650938964,0.1058072729239384,,,,,,,,,
116,upsampling_2,pos5_fr_60.tif,1,1,0.0005725278248522878,0.0008403220113947665,0.6240612314873191,0.7685193382958871,2.0,33.1058907144937,19.69242361885592,21.540659228538015,174664,174672,19335.344402031755,0.005870964326277436,0.9999541998717596,2.0,31.240998703626616,14.261729791910659,15.231546211727817,119002.0,119424.0,17070.09324450364,0.005132067236668914,0.9964663719185424
117,upsampling_2,pos5_fr_60.tif,2,0,0.004889258299515964,0.0,0.0,0.0,2.0,2.8284271247461903,2.0008928148295095,2.0,20453,188990,20933.530408933657,0.000586518786160644,0.10822265728345415,,,,,,,,,
118,upsampling_2,pos7_fr_20.tif,1,1,0.0005796059838521773,0.0006858099072099196,0.7701512455516014,0.8701530419923102,2.0,32.31098884280702,19.91190357155248,21.633307652783937,172531,172536,18953.81749009717,0.006035088106095384,0.9999710205406408,2.0,28.42534080710379,16.359262045649178,19.697715603592208,145813.0,146222.0,18396.98786827512,0.005413930364541269,0.9972028832870566
119,upsampling_2,pos7_fr_20.tif,2,0,0.004935834155972359,0.0,0.0,0.0,2.0,2.8284271247461903,2.000267839354913,2.0,20260,188635,20744.955769784327,0.0005915947055296837,0.10740318604712805,,,,,,,,,
120,upsampling_4,pos7_fr_80.tif,1,1,7.19063376807905e-05,8.448864514853527e-05,0.7506632255783035,0.8575758199642698,2.0,64.0,37.8957879133551,40.049968789001575,1390698,1390698,84043.86351500034,0.0024741764936581628,1.0,2.0,54.0,14.889869161080856,10.0,1183591.0,1214624.0,128276.09809544294,0.0009038992707185891,0.9744505295465922
121,upsampling_4,pos7_fr_80.tif,2,0,0.0011614806555396819,0.0,0.0,0.0,2.0,2.8284271247461903,2.0003353999773683,2.0,86097,1445963,87164.92077428463,0.00014240144736640822,0.059543017352449545,,,,,,,,,
122,upsampling_4,pos2_fr_80.tif,1,1,7.112744829567966e-05,7.915556839634775e-05,0.7849509103091694,0.8795210061807346,2.0,64.0,38.07194757521416,40.44749683231337,1405927,1405948,84489.63638515238,0.0024749461460861545,0.9999850634589615,2.0,61.61168720299745,16.308843620304504,12.0,1263335.0,1284058.0,123890.38950936536,0.0010343157918168782,0.983861320906065
123,upsampling_4,pos2_fr_80.tif,2,0,0.0011636566747346862,0.0,0.0,0.0,2.0,2.8284271247461903,2.0003674884826523,2.0,85936,1471027,87361.70078711161,0.0001414955684285196,0.058419050092214486,,,,,,,,,
124,upsampling_4,pos5_fr_1.tif,1,1,0.000300069616150947,0.00043291729980821764,0.5743938167917632,0.7296698077260491,2.0,60.0,40.23810004594725,44.0,333256,333256,19268.14267402998,0.011279974928965155,1.0,2.0,55.17245689653489,8.724116040253742,4.47213595499958,230991.0,243248.0,45278.936705645225,0.0014158344771249846,0.949611096494113
125,upsampling_4,pos5_fr_1.tif,2,0,0.005036514731805591,0.0,0.0,0.0,2.0,2.0,2.0,2.0,19855,351291,20053.89357775095,0.0006204150775319002,0.05652009302828709,,,,,,,,,
126,upsampling_4,pos2_fr_60.tif,1,1,9.219937931377846e-05,0.00010352395544328958,0.7682460650138273,0.8689356987290339,2.0,65.11528238439882,39.3671317405486,42.190046219457976,1084606,1084617,63841.013300913284,0.0033441236202158375,0.9999898581711332,2.0,62.12889826803627,14.81325300032238,10.0,965960.0,992030.0,104256.1344343167,0.0011167752235601736,0.9737205528058627
127,upsampling_4,pos2_fr_60.tif,2,0,0.0015393377768883826,0.0,0.0,0.0,2.0,2.8284271247461903,2.0005272521478563,2.0,64963,1128576,66033.89133703311,0.00018721565212663022,0.0575619187365317,,,,,,,,,
128,upsampling_4,pos2_fr_1.tif,1,1,0.00019146341229922667,0.0002092505482364364,0.7447966910950193,0.8537346441522552,2.0,60.166435825965294,39.38571326435016,43.08131845707603,522293,522293,30934.50255610891,0.006858636650160564,1.0,2.0,59.464274989274024,13.250507888762067,8.246211251235321,477896.0,493329.0,57284.03117563815,0.0018301054513378686,0.9687166171054206
129,upsampling_4,pos2_fr_1.tif,2,0,0.003145940164218077,0.0,0.0,0.0,2.0,2.8284271247461903,2.0000585729928764,2.0,31787,543621,32285.855264720936,0.00038320821873111374,0.05847272272410374,,,,,,,,,
130,upsampling_4,pos7_fr_1.tif,1,1,0.0001860942902549864,0.00022659654258995313,0.7085597766787068,0.8294234551817509,2.0,60.4648658313239,40.52444780030365,43.86342439892262,537362,537362,31437.1095911026,0.006832688118952144,1.0,2.0,57.584720195551874,11.198492431989571,6.324555320336759,441313.0,456583.0,64110.227314599775,0.0013492795911767836,0.966555916448926
131,upsampling_4,pos7_fr_1.tif,2,0,0.0030861339999382776,0.0,0.0,0.0,2.0,2.8284271247461903,2.0000289113954333,2.0,32403,559206,32778.66226382087,0.00037897680820425016,0.05794465724616689,,,,,,,,,
132,upsampling_4,pos5_fr_80.tif,1,1,0.00010946392233315783,0.00016098004652323345,0.6107644723294791,0.7583535430803173,2.0,60.0,38.89429538860059,42.190046219457976,913543,913594,53584.027047856915,0.003998233552591624,0.9999441765160454,2.0,55.02726596879042,11.025902821856779,6.324555320336759,621195.0,642954.0,93706.89400355544,0.0008889856064155608,0.9661577655633218
133,upsampling_4,pos5_fr_80.tif,2,0,0.001829625292740047,0.0,0.0,0.0,2.0,2.8284271247461903,2.0003583236106297,2.0,54656,933127,55316.180299976964,0.00022446226535748767,0.05857294880546807,,,,,,,,,
134,upsampling_4,pos2_fr_20.tif,1,1,0.00014522429892969692,0.00016800567187148237,0.7471553445227879,0.8552820982576834,2.0,65.11528238439882,40.97265034540717,44.04543109109048,688590,688649,39031.69364443667,0.005679835824882685,0.9999143250044653,2.0,60.03332407921454,13.504023956344424,8.94427190999916,595218.0,618229.0,70226.6060250482,0.0015166401901499196,0.9627791643549558
135,upsampling_4,pos2_fr_20.tif,2,0,0.002521940885705639,0.0,0.0,0.0,2.0,2.8284271247461903,2.0004677340285952,2.0,39652,714151,40244.420848623035,0.0003076547308734144,0.05552327168904055,,,,,,,,,
136,upsampling_4,pos2_fr_40.tif,1,1,0.00011666664722222546,0.00013395111587977083,0.7465481451793832,0.8548841292923045,2.0,66.57326790837296,40.45960112109918,44.0,857143,857204,48833.972177967225,0.004516677102170533,0.9999288384095267,2.0,63.245553203367585,13.789810099163649,8.94427190999916,746541.0,774489.0,85620.92744542034,0.001279686748023594,0.9639142712162471
137,upsampling_4,pos2_fr_40.tif,2,0,0.002015316404675534,0.0,0.0,0.0,2.0,2.8284271247461903,2.00020555113284,2.0,49620,897338,50422.586504312625,0.00024525416107805295,0.05529688924351805,,,,,,,,,
138,upsampling_4,pos7_fr_60.tif,1,1,8.720577860371339e-05,0.00011197343094430553,0.6872636854604365,0.8146488203151121,2.0,63.7808748764079,40.00514098358265,43.08131845707603,1146713,1146735,66151.92394313819,0.0032929083309199665,0.9999808150967747,2.0,56.356011214421486,11.80388512851513,8.0,893069.0,926149.0,122938.71660587043,0.0007425360242535899,0.9642822051311398
139,upsampling_4,pos7_fr_60.tif,2,0,0.0014700693872750795,0.0,0.0,0.0,2.0,2.8284271247461903,2.000261372534003,2.0,68024,1186369,68894.11550828826,0.00018009753654420736,0.05733797831871871,,,,,,,,,
140,upsampling_4,pos5_fr_40.tif,1,1,0.0001819293240961751,0.0002791416951158578,0.5572904427592997,0.7157180542017061,2.0,64.0,40.54449165777692,44.0,549664,549685,31282.480082063576,0.007058376244345248,0.9999617963015182,2.0,58.240879114244144,9.231417705523432,4.47213595499958,358241.0,373153.0,65312.92038983824,0.0010553267491201215,0.9600378397065011
141,upsampling_4,pos5_fr_40.tif,2,0,0.0031079065141720536,0.0,0.0,0.0,2.0,2.0,2.0,2.0,32176,566261,32511.998266896444,0.00038252039101272265,0.05682185423329525,,,,,,,,,
142,upsampling_4,pos5_fr_20.tif,1,1,0.00023074544623861849,0.000383232798595835,0.5084054243120761,0.6740965208925043,2.0,64.0,41.60948211305738,45.12205669071391,433378,433407,24482.59660558039,0.009085770681410095,0.9999330882980663,2.0,56.0,7.919387377829188,4.47213595499958,260938.0,276142.0,56336.56606600747,0.0010331573040467657,0.9449413707440375
143,upsampling_4,pos5_fr_20.tif,2,0,0.004024144869215292,0.0,0.0,0.0,2.0,2.8284271247461903,2.000259671765772,2.0,24850,445206,25113.209378290987,0.0004951443434443772,0.05581685781413548,,,,,,,,,
144,upsampling_4,pos7_fr_40.tif,1,1,0.0001102954152401793,0.00015335141857729755,0.635725326698449,0.7773008295733833,2.0,66.2117814289874,41.614724249795636,44.721359549995796,906656,906656,51036.24930653974,0.004374162403667587,1.0,2.0,55.60575509783138,10.268450239497772,6.0,652097.0,675718.0,103544.57927982791,0.0007643061085120884,0.9650431096996084
145,upsampling_4,pos7_fr_40.tif,2,0,0.0019064686481230818,0.0,0.0,0.0,2.0,2.8284271247461903,2.000249520874044,2.0,52453,936431,53092.771137048476,0.0002338349423953817,0.056013737264144395,,,,,,,,,
146,upsampling_4,pos5_fr_60.tif,1,1,0.00013916722333556,0.00024372232228377566,0.5096978766712004,0.6752316268670334,2.0,66.24198064671678,40.08863265011082,43.266615305567875,718560,718578,41294.249993622776,0.005295338612197782,0.9999749505272914,2.0,56.639209034025185,9.397357214667188,5.656854249492381,410303.0,422572.0,74499.31825680166,0.0009289876902980015,0.9709658945694462
147,upsampling_4,pos5_fr_60.tif,2,0,0.002372310393091832,0.0,0.0,0.0,2.0,2.8284271247461903,2.0003758141943933,2.0,42153,735774,42646.93852584162,0.0002912477857283353,0.05729068980420618,,,,,,,,,
148,upsampling_4,pos7_fr_20.tif,1,1,0.00014089646786644706,0.00019051102677822992,0.6432901873357069,0.782929506052347,2.0,64.62197768561404,40.69794491315863,44.0,709741,709752,40550.93018846938,0.00542385557107117,0.999984501628738,2.0,56.568542494923804,10.396060353333155,6.0,524904.0,551518.0,82475.35486752007,0.0009697088531122735,0.9517440953876392
149,upsampling_4,pos7_fr_20.tif,2,0,0.002396702137858307,0.0,0.0,0.0,2.0,2.8284271247461903,2.0001121618094704,2.0,41724,734455,42213.29891553484,0.0002942369530901288,0.05680947096826899,,,,,,,,,
