,Grand_Parent_Folder,File_name,GT_Label,Prediction_Label,IoU,f1_score
0,OG,pos7_fr_80.tif,mask,mask,0.8314323415639348,0.9079585663032911
1,OG,pos2_fr_80.tif,mask,mask,0.8492144279707899,0.9184596606275279
2,OG,pos5_fr_1.tif,mask,mask,0.7747754604962703,0.8730968821031865
3,OG,pos2_fr_60.tif,mask,mask,0.8503908944584962,0.9191472969362585
4,OG,pos2_fr_1.tif,mask,mask,0.8445190156599552,0.9157064887810794
5,OG,pos7_fr_1.tif,mask,mask,0.8654130920202139,0.9278514187792954
6,OG,pos5_fr_80.tif,mask,mask,0.786598853181927,0.880554526026922
7,OG,pos2_fr_20.tif,mask,mask,0.8562380430542915,0.9225519822289819
8,OG,pos2_fr_40.tif,mask,mask,0.8498608595786032,0.9188376035721961
9,OG,pos7_fr_60.tif,mask,mask,0.8337185512855958,0.909320081537144
10,OG,pos5_fr_40.tif,mask,mask,0.7779549025043896,0.8751120755746715
11,OG,pos5_fr_20.tif,mask,mask,0.7374637442813144,0.8488968436994458
12,OG,pos7_fr_40.tif,mask,mask,0.8167603155684204,0.8991393180149643
13,OG,pos5_fr_60.tif,mask,mask,0.6914791375777467,0.8176029159519725
14,OG,pos7_fr_20.tif,mask,mask,0.8149867732008854,0.8980635949909277
15,downsampling_2,pos7_fr_80.tif,mask,mask,0.8342894607441403,0.9096595478509517
16,downsampling_2,pos2_fr_80.tif,mask,mask,0.8504035759076438,0.919154704389837
17,downsampling_2,pos5_fr_1.tif,mask,mask,0.764799154334038,0.8667265648397724
18,downsampling_2,pos2_fr_60.tif,mask,mask,0.84157145222719,0.9139710014611667
19,downsampling_2,pos2_fr_1.tif,mask,mask,0.8004213596953246,0.8891489265943562
20,downsampling_2,pos7_fr_1.tif,mask,mask,0.8327413892789296,0.9087385641534094
21,downsampling_2,pos5_fr_80.tif,mask,mask,0.8106397100117425,0.8954180177639927
22,downsampling_2,pos2_fr_20.tif,mask,mask,0.8377080455233208,0.9116878467871845
23,downsampling_2,pos2_fr_40.tif,mask,mask,0.8391534947224703,0.9125431859064044
24,downsampling_2,pos7_fr_60.tif,mask,mask,0.8314749920356802,0.9079839972169073
25,downsampling_2,pos5_fr_40.tif,mask,mask,0.7716928618205632,0.8711361641177287
26,downsampling_2,pos5_fr_20.tif,mask,mask,0.7372988992379339,0.8487876203241136
27,downsampling_2,pos7_fr_40.tif,mask,mask,0.8061508841262603,0.8926728007181328
28,downsampling_2,pos5_fr_60.tif,mask,mask,0.7351657656484075,0.8473723723723724
29,downsampling_2,pos7_fr_20.tif,mask,mask,0.807758565686212,0.8936575724420287
30,downsampling_4,pos7_fr_80.tif,mask,mask,0.7784071598504588,0.8753981398904319
31,downsampling_4,pos2_fr_80.tif,mask,mask,0.8178042209250113,0.8997715062063855
32,downsampling_4,pos5_fr_1.tif,mask,mask,0.6743002544529262,0.8054711246200608
33,downsampling_4,pos2_fr_60.tif,mask,mask,0.7911167872853697,0.8833782284899382
34,downsampling_4,pos2_fr_1.tif,mask,mask,0.6959773078906653,0.8207389387258629
35,downsampling_4,pos7_fr_1.tif,mask,mask,0.7301211163770406,0.8440115659716938
36,downsampling_4,pos5_fr_80.tif,mask,mask,0.7820081459181867,0.8776706747490808
37,downsampling_4,pos2_fr_20.tif,mask,mask,0.7221151787625776,0.838637493784187
38,downsampling_4,pos2_fr_40.tif,mask,mask,0.7435537624978074,0.852917505030181
39,downsampling_4,pos7_fr_60.tif,mask,mask,0.7492858114542239,0.8566762578738627
40,downsampling_4,pos5_fr_40.tif,mask,mask,0.7095355866996428,0.8300916251406526
41,downsampling_4,pos5_fr_20.tif,mask,mask,0.6657391304347826,0.7993318020463562
42,downsampling_4,pos7_fr_40.tif,mask,mask,0.7226762002042901,0.8390157130151201
43,downsampling_4,pos5_fr_60.tif,mask,mask,0.698016492088255,0.8221551384696154
44,downsampling_4,pos7_fr_20.tif,mask,mask,0.6946070234113713,0.8197853706673245
45,upsampling_2,pos7_fr_80.tif,mask,mask,0.8201519821682103,0.9011906590253247
46,upsampling_2,pos2_fr_80.tif,mask,mask,0.833344558999697,0.9090975887853655
47,upsampling_2,pos5_fr_1.tif,mask,mask,0.7431669881396972,0.8526629900590337
48,upsampling_2,pos2_fr_60.tif,mask,mask,0.8368849718982652,0.9112001945700665
49,upsampling_2,pos2_fr_1.tif,mask,mask,0.8368607927622851,0.9111858623797043
50,upsampling_2,pos7_fr_1.tif,mask,mask,0.8408557731538148,0.9135487803188763
51,upsampling_2,pos5_fr_80.tif,mask,mask,0.7145357950579898,0.8335035023679077
52,upsampling_2,pos2_fr_20.tif,mask,mask,0.8301767393654922,0.9072093656411653
53,upsampling_2,pos2_fr_40.tif,mask,mask,0.8209798645999508,0.9016902169649317
54,upsampling_2,pos7_fr_60.tif,mask,mask,0.8076642775402035,0.8935998653900938
55,upsampling_2,pos5_fr_40.tif,mask,mask,0.7250411944503843,0.8406073974150975
56,upsampling_2,pos5_fr_20.tif,mask,mask,0.662323753694026,0.796864933467029
57,upsampling_2,pos7_fr_40.tif,mask,mask,0.770309717665791,0.8702541820551815
58,upsampling_2,pos5_fr_60.tif,mask,mask,0.6263550467527885,0.7702562217313875
59,upsampling_2,pos7_fr_20.tif,mask,mask,0.7743799839051869,0.8728457161705285
60,upsampling_4,pos7_fr_80.tif,mask,mask,0.7417459509734539,0.8517269129391637
61,upsampling_4,pos2_fr_80.tif,mask,mask,0.7739184141453871,0.872552433047756
62,upsampling_4,pos5_fr_1.tif,mask,mask,0.5745464822091834,0.7297929768361746
63,upsampling_4,pos2_fr_60.tif,mask,mask,0.7599277184239164,0.8635896923135697
64,upsampling_4,pos2_fr_1.tif,mask,mask,0.7450165317178699,0.8538790529215713
65,upsampling_4,pos7_fr_1.tif,mask,mask,0.7019142872957275,0.8248526879823551
66,upsampling_4,pos5_fr_80.tif,mask,mask,0.5990771143853841,0.7492785794957029
67,upsampling_4,pos2_fr_20.tif,mask,mask,0.7407537208914651,0.8510723969753912
68,upsampling_4,pos2_fr_40.tif,mask,mask,0.7376814600185624,0.8490410664917635
69,upsampling_4,pos7_fr_60.tif,mask,mask,0.6802333773562825,0.809689161664646
70,upsampling_4,pos5_fr_40.tif,mask,mask,0.5537851430455932,0.712820746837767
71,upsampling_4,pos5_fr_20.tif,mask,mask,0.5065537545983,0.6724668841748233
72,upsampling_4,pos7_fr_40.tif,mask,mask,0.6299156870881404,0.7729426645540061
73,upsampling_4,pos5_fr_60.tif,mask,mask,0.5014235458581472,0.6679308410226852
74,upsampling_4,pos7_fr_20.tif,mask,mask,0.6412619583838617,0.781425481908211
