,Grand_Parent_Folder,File_name,GT_Label,Prediction_Label,IoU,f1_score
0,OG,55.tif,mask,mask,0.9131404411712936,0.9545984408883605
1,OG,77.tif,mask,mask,0.8936673825584561,0.943848313372815
2,OG,58.tif,mask,mask,0.94188976965528,0.9700754227903289
3,OG,78.tif,mask,mask,0.9247717386415477,0.9609157492038269
4,OG,85.tif,mask,mask,0.8197421368153075,0.9009431833566497
5,OG,56.tif,mask,mask,0.9044281618349793,0.9498159919705588
6,OG,72.tif,mask,mask,0.7978074470055839,0.8875338105139198
7,OG,75.tif,mask,mask,0.8148877941981391,0.8980034984015923
8,OG,61.tif,mask,mask,0.9002021546391517,0.9474804061677322
9,OG,81.tif,mask,mask,0.9149077055213547,0.9555632398191859
10,OG,80.tif,mask,mask,0.9002246288486955,0.9474928544570248
11,OG,59.tif,mask,mask,0.9461150913989537,0.9723115509256385
12,OG,73.tif,mask,mask,0.8363581975143609,0.9108878634314701
13,OG,83.tif,mask,mask,0.937824879373961,0.9679149951639977
14,OG,60.tif,mask,mask,0.9067941738237855,0.9511190943124688
15,OG,71.tif,mask,mask,0.9164495630977835,0.9564035294687515
16,OG,62.tif,mask,mask,0.8435346038114343,0.9151274970021828
17,OG,65.tif,mask,mask,0.8915921442747101,0.9426896246881716
18,OG,79.tif,mask,mask,0.9167095837820123,0.9565451036908571
19,OG,66.tif,mask,mask,0.8663150961034043,0.9283695962296451
20,downsampling_16,55.tif,mask,mask,0.9031393568147014,0.9491048078857373
21,downsampling_16,77.tif,mask,mask,0.7709720372836218,0.8706766917293233
22,downsampling_16,58.tif,mask,mask,0.8400272294077604,0.9130595634480208
23,downsampling_16,78.tif,mask,mask,0.8327250608272506,0.9087288416860272
24,downsampling_16,85.tif,mask,mask,0.8123476848090982,0.8964589870013447
25,downsampling_16,56.tif,mask,mask,0.8825739783936121,0.937624750499002
26,downsampling_16,72.tif,mask,mask,0.7633248730964467,0.8657790572148255
27,downsampling_16,75.tif,mask,mask,0.8671268334771355,0.9288354898336414
28,downsampling_16,61.tif,mask,mask,0.8695233509870005,0.9302086015967036
29,downsampling_16,81.tif,mask,mask,0.8541666666666666,0.9213483146067416
30,downsampling_16,80.tif,mask,mask,0.8279475982532751,0.9058767319636885
31,downsampling_16,59.tif,mask,mask,0.8044692737430168,0.891640866873065
32,downsampling_16,73.tif,mask,mask,0.8932842686292548,0.9436345966958212
33,downsampling_16,83.tif,mask,mask,0.8845045444469075,0.9387130925773438
34,downsampling_16,60.tif,mask,mask,0.8788946085071796,0.9355443403028119
35,downsampling_16,71.tif,mask,mask,0.8877988963825874,0.9405651185449821
36,downsampling_16,62.tif,mask,mask,0.8847139197267293,0.9388309922972361
37,downsampling_16,65.tif,mask,mask,0.8590116279069767,0.9241594996090696
38,downsampling_16,79.tif,mask,mask,0.8202443280977313,0.9012464046021093
39,downsampling_16,66.tif,mask,mask,0.7705927636643572,0.8704347826086957
40,downsampling_2,55.tif,mask,mask,0.95917004104344,0.9791595634369673
41,downsampling_2,77.tif,mask,mask,0.900781428245494,0.947801167309337
42,downsampling_2,58.tif,mask,mask,0.9186878268895498,0.9576209469977885
43,downsampling_2,78.tif,mask,mask,0.9480958077862519,0.9733564478675563
44,downsampling_2,85.tif,mask,mask,0.888878339030257,0.9411705567936194
45,downsampling_2,56.tif,mask,mask,0.9533142029655032,0.9760991872359199
46,downsampling_2,72.tif,mask,mask,0.8588441596124491,0.9240625742305474
47,downsampling_2,75.tif,mask,mask,0.915753210147197,0.9560241948667647
48,downsampling_2,61.tif,mask,mask,0.9566656217813801,0.9778529464941651
49,downsampling_2,81.tif,mask,mask,0.9495719435265846,0.9741337801660215
50,downsampling_2,80.tif,mask,mask,0.9357644817484139,0.9668164599272079
51,downsampling_2,59.tif,mask,mask,0.8397044784792264,0.9128688746503023
52,downsampling_2,73.tif,mask,mask,0.9020992636646842,0.9485301644317473
53,downsampling_2,83.tif,mask,mask,0.9585251992759376,0.9788234531067583
54,downsampling_2,60.tif,mask,mask,0.9607278865562668,0.9799706457418174
55,downsampling_2,71.tif,mask,mask,0.9601307495840851,0.9796599025731448
56,downsampling_2,62.tif,mask,mask,0.9376741411652055,0.9678347057894289
57,downsampling_2,65.tif,mask,mask,0.949073337016885,0.9738713459283889
58,downsampling_2,79.tif,mask,mask,0.9504647905259137,0.9746033818632892
59,downsampling_4,55.tif,mask,mask,0.9475879140097399,0.9730887188130302
60,downsampling_4,77.tif,mask,mask,0.9003311258278146,0.9475518382993553
61,downsampling_4,58.tif,mask,mask,0.9234389231859124,0.9601957328141854
62,downsampling_4,78.tif,mask,mask,0.931256815057128,0.964404948939513
63,downsampling_4,85.tif,mask,mask,0.8820383575116794,0.9373224025867982
64,downsampling_4,56.tif,mask,mask,0.9568611197457949,0.9779550629224986
65,downsampling_4,72.tif,mask,mask,0.8544974837543362,0.9215407313731689
66,downsampling_4,75.tif,mask,mask,0.9516001057921185,0.9751998915842255
67,downsampling_4,61.tif,mask,mask,0.9541590294143318,0.9765418423497463
68,downsampling_4,81.tif,mask,mask,0.9386065105653912,0.9683311238768596
69,downsampling_4,80.tif,mask,mask,0.9367879966657405,0.9673624560648447
70,downsampling_4,59.tif,mask,mask,0.91829171446219,0.9574057037718491
71,downsampling_4,73.tif,mask,mask,0.9504659146640511,0.9746039728438521
72,downsampling_4,83.tif,mask,mask,0.9457325713573864,0.9721095131769545
73,downsampling_4,60.tif,mask,mask,0.9548933140857047,0.9769262672344903
74,downsampling_4,71.tif,mask,mask,0.9491479332849891,0.9739106171231922
75,downsampling_4,62.tif,mask,mask,0.9359565057132326,0.9669189395021182
76,downsampling_4,65.tif,mask,mask,0.9303892752168614,0.9639395402384224
77,downsampling_4,79.tif,mask,mask,0.9331990833969863,0.9654454022988506
78,downsampling_8,55.tif,mask,mask,0.9399020935319238,0.9690201342281879
79,downsampling_8,77.tif,mask,mask,0.8820618556701031,0.9373356704645048
80,downsampling_8,58.tif,mask,mask,0.8928300455235205,0.9433811003106524
81,downsampling_8,78.tif,mask,mask,0.8977808841516687,0.9461375563944389
82,downsampling_8,85.tif,mask,mask,0.8715382825226903,0.9313603581198707
83,downsampling_8,56.tif,mask,mask,0.9373931342890964,0.9676849966055668
84,downsampling_8,72.tif,mask,mask,0.8180666183924692,0.8999302997112416
85,downsampling_8,75.tif,mask,mask,0.9299111549851925,0.9636828644501279
86,downsampling_8,61.tif,mask,mask,0.9363733475764454,0.9671413302072199
87,downsampling_8,81.tif,mask,mask,0.9140127388535032,0.9550748752079867
88,downsampling_8,80.tif,mask,mask,0.9123975409836066,0.9541923386016609
89,downsampling_8,59.tif,mask,mask,0.9104876419505677,0.9531468531468531
90,downsampling_8,73.tif,mask,mask,0.9394258625230445,0.9687669744703965
91,downsampling_8,83.tif,mask,mask,0.9304803285518719,0.963988407226984
92,downsampling_8,60.tif,mask,mask,0.9365570307785154,0.9672392972615013
93,downsampling_8,71.tif,mask,mask,0.9322764087540927,0.964951395701418
94,downsampling_8,62.tif,mask,mask,0.9248826291079812,0.9609756097560975
95,downsampling_8,65.tif,mask,mask,0.9299039780521262,0.9636790105906603
96,downsampling_8,79.tif,mask,mask,0.9015677203803649,0.9482362481416408
97,downsampling_8,66.tif,mask,mask,0.8603147230006467,0.9249130938586326
