,Grand_Parent_Folder,File_name,GT_Pixel_Coverage_Percent,Prediction_Pixel_Coverage_Percent,IoU,f1_score,GT_diameter_min,GT_diameter_max,GT_diameter_mean,GT_diameter_median,GT_area,GT_area_filled,GT_perimeter,GT_Circularity,GT_Filledness,pred_diameter_min,pred_diameter_max,pred_diameter_mean,pred_diameter_median,pred_area,pred_area_filled,pred_perimeter,pred_Circularity,pred_Filledness,GT_count,pred_count,true_positives_count,false_negatives_count,false_positives_count,Sensitivity,Accuracy
0,OG,1.tif,0.06065503546207727,0.05127781276862104,0.9166531974435086,0.9367277033885519,43.10706579021521,45.92549131617458,44.75046848401988,44.92064132929119,1878.6146645865836,1878.6146645865836,160.00017909669174,0.9041623195322535,1.0,44.7834823419702,46.95307247755696,45.99970208678061,46.110111985098534,1928.057003257329,1928.057003257329,161.96379290767564,0.917414275959299,1.0,641,614,614,27,0,0.9578783151326054,0.9578783151326054
1,OG,10.tif,0.10892252383486739,0.09449042038203724,0.8720372139485116,0.9179325609443442,30.058157376756107,32.561350154627675,31.515064210858256,31.674360200686277,994.4739726027398,994.4739726027398,115.11498826495432,0.930302883159366,1.0,31.36435303365695,34.005453061601145,32.85097396493432,32.97552854382592,1050.9096045197741,1050.9096045197741,118.83997392805317,0.9299732837937308,1.0,365,354,354,9,0,0.9752066115702479,0.9752066115702479
2,OG,11.tif,0.059373798128154645,0.052283939432520014,0.9149882149984574,0.9364491022561015,43.24660267557856,45.81857660526947,44.71859848013868,44.85736662053963,1865.759223300971,1865.759223300971,159.46209589807603,0.9064545186292536,1.0,44.462402528085356,46.52269700688903,45.60546548290771,45.70934345366888,1895.9534412955466,1895.9534412955466,160.54470914447873,0.9179800408200114,1.0,515,496,494,19,2,0.9629629629629629,0.9592233009708738
3,OG,12.tif,0.05785346988303458,0.053726677964394995,0.9299879816181853,0.9520545720677018,43.13982516552739,45.80605857978344,44.69035501709567,44.864441854869185,1858.663516068053,1858.663516068053,159.46653863677773,0.9065555455975459,1.0,44.18174989076941,46.210085766655375,45.316244194250665,45.43292298825205,1873.625968992248,1873.625968992248,159.6327634505935,0.9176236247267953,1.0,529,516,516,13,0,0.9754253308128544,0.9754253308128544
4,OG,13.tif,0.05939074674408757,0.05330985010114192,0.9166479776928821,0.9392170251047243,43.113994790361836,45.75306064360521,44.6241703038163,44.79676062792181,1845.2064777327935,1845.2064777327935,158.57022383247389,0.9077158935171648,1.0,44.13748603341205,46.25826832547309,45.32791559276401,45.45806336602688,1872.68487394958,1872.68487394958,159.48177837622072,0.9180709529415443,1.0,247,238,238,9,0,0.9635627530364372,0.9635627530364372
5,OG,14.tif,0.06103653898481952,0.05337915775064228,0.9173807688780606,0.9389348332147291,42.48076477080109,45.29478198599437,44.125572884245834,44.29608516326414,1822.7140255009108,1822.7140255009108,157.6446944432323,0.9063725353746098,1.0,43.8759180801667,46.03787587924,45.10396968936554,45.21524510656609,1855.2234848484848,1855.2234848484848,158.8880855800172,0.9173811739028617,1.0,549,528,528,21,0,0.9617486338797814,0.9617486338797814
6,OG,14b.tif,0.1081177007563395,0.09328556826292939,0.862145537751037,0.9048671137665765,30.427901551212614,32.86991270049195,31.853567973450968,32.03169244542008,988.3193717277487,988.3193717277487,114.68080196493868,0.9318615271898966,1.0,31.103593402963003,33.757891513052165,32.60480596438259,32.773981473186154,1043.7252747252746,1043.7252747252746,118.53204289142315,0.9288328175865914,1.0,191,182,182,9,0,0.9528795811518325,0.9528795811518325
7,OG,15.tif,0.10825357556347756,0.09414431982539363,0.8721049647076948,0.9145147079267233,29.252669283784524,32.25237953039804,31.03189942365425,31.190336650935187,984.255172413793,984.255172413793,114.82113094290253,0.9253267431364105,1.0,31.43278854993896,33.86875559171838,32.80057475136089,32.90967848083889,1052.731182795699,1052.731182795699,118.89141278217159,0.9296326686772882,1.0,290,279,279,9,0,0.96875,0.96875
8,OG,16.tif,0.10985909435031169,0.0951182227720123,0.8579600172361334,0.9070305021938956,29.606141831320578,32.62934511195086,31.399091817574188,31.58888771117095,998.4401197604791,998.4401197604791,115.38054867867834,0.9293375972011071,1.0,30.7453048682052,33.72511863108838,32.38931606434513,32.5138449632307,1044.4844720496894,1044.4844720496894,118.84051175188989,0.924799187120196,1.0,334,320,67,10,1,0.8701298701298701,0.8589743589743589
9,OG,18.tif,0.10913501920597783,0.09697125152625653,0.8748237941961737,0.9226128927621277,29.571344256525713,32.18143655943935,31.108839283235657,31.283357356950024,962.5372750642673,962.5372750642673,113.33495858618491,0.9313151502814944,1.0,31.410457119590255,33.84272439644928,32.771040580176404,32.88543370497994,1034.7526315789473,1034.7526315789473,117.84136717996905,0.9305712533559825,1.0,389,381,380,8,1,0.979381443298969,0.9768637532133676
10,OG,8.tif,0.05900113965667792,0.05108318891836517,0.9126128449278841,0.9332322027139108,43.43088225169117,46.02195868510331,44.90014028919697,45.04216046587802,1903.3525641025642,1903.3525641025642,160.76252742136833,0.9079726920758725,1.0,45.24197401030936,47.102580206753785,46.26258458409931,46.340599366869675,1945.4697986577182,1945.4697986577182,162.57305742127375,0.9173403685054243,1.0,156,149,149,7,0,0.9551282051282052,0.9551282051282052
11,OG,9.tif,0.11924683947735434,0.09894290609969132,0.8588202262041295,0.9110689188632165,28.14616541764038,31.038536882559846,29.88478899155045,30.07663384460107,930.6573426573426,930.6573426573426,111.40217931572111,0.9251316520717603,1.0,30.72653329540152,33.429001982782616,32.20454465739302,32.36227591479035,1010.6402877697842,1010.6402877697842,117.18146800985849,0.9256207158602366,1.0,143,138,88,4,0,0.9565217391304348,0.9565217391304348
12,downsampling_16,1.tif,15.9684092279029,13.58970012055455,0.7653595393706153,0.8278757570607121,2.2171226044955166,2.5070686055379316,2.36259223030795,2.363913181493545,7.356012658227848,7.356012658227848,6.872883328830498,inf,1.0,2.126565255169557,2.410843552829772,2.2575785956984973,2.2367652206321815,7.159722222222222,7.159722222222222,6.7005503300964655,inf,1.0,632,602,576,36,26,0.9411764705882353,0.9028213166144201
13,downsampling_16,10.tif,27.84193121693122,14.371693121693122,0.5005853174603174,0.542521074604408,2.059830847898336,2.1754485322430197,2.11533850361305,2.1107361306977928,3.9194444444444443,3.9194444444444443,3.9864977139747237,inf,1.0,2.026723455636974,2.1679760068609784,2.095440912989192,2.0916232764696248,4.548387096774194,4.548387096774194,4.535385785945577,inf,1.0,360,281,217,31,64,0.875,0.6955128205128205
14,downsampling_16,11.tif,15.302931273519507,13.572284469343291,0.7697278864925924,0.8305821887347585,2.1705585256830395,2.460436293998207,2.314553847217162,2.312666721970239,7.305882352941176,7.305882352941176,6.838722516734098,inf,1.0,2.131835714475738,2.4012841143971384,2.2583944141029186,2.243399586217728,7.109677419354838,7.109677419354838,6.703036274654152,inf,1.0,510,491,340,23,27,0.9366391184573003,0.8717948717948718
15,downsampling_16,12.tif,14.612748628044994,13.123022080957071,0.7612213418618772,0.8242304803009172,2.194943424181314,2.5164840703594513,2.3552889076450434,2.3544392283943654,7.305927342256214,7.305927342256214,6.90560369890688,inf,1.0,2.0872028552364412,2.3743738117325663,2.21894541815854,2.1965676303351582,7.212631578947368,7.212631578947368,6.766104577695497,2.007604676149197,1.0,523,489,475,34,14,0.9332023575638507,0.9082217973231358
16,downsampling_16,13.tif,15.871425626527666,14.168772270813086,0.7726761786965869,0.8353267295315694,2.146798008630995,2.452759075899201,2.2989815539145853,2.2973875772135597,7.204081632653061,7.204081632653061,6.732995403531931,inf,1.0,2.0883655599729267,2.3034407554653122,2.1873120616106405,2.1701298693936826,6.915555555555556,6.915555555555556,6.54123440585406,inf,1.0,245,237,225,8,12,0.9656652360515021,0.9183673469387755
17,downsampling_16,14.tif,15.998164907591892,14.060608727891537,0.7469335501220898,0.8132357865872227,2.199067516112763,2.493029847598214,2.3474123315385422,2.35013963090465,7.072088724584104,7.072088724584104,6.669456444410553,inf,1.0,2.1168946249641865,2.421519576725627,2.2632182051335183,2.2500889692504122,6.81799591002045,6.81799591002045,6.496233291899322,inf,1.0,541,522,462,21,34,0.9565217391304348,0.8936170212765957
18,downsampling_16,14b.tif,27.854623330813805,17.412446460065507,0.5718946837994456,0.6149617284537919,2.043832123002444,2.202691311455563,2.1203395756955072,2.1144952926285145,3.9153439153439153,3.9153439153439153,4.007429165579929,inf,1.0,2.012944173824159,2.1100254775053533,2.060406144512743,2.0582487822087163,4.03125,4.03125,4.11492717280199,inf,1.0,189,154,128,28,26,0.8205128205128205,0.7032967032967034
19,downsampling_16,15.tif,29.137529137529132,17.023809523809526,0.556918081918082,0.5954489954489954,2.0463455734123746,2.176898353540431,2.1111391970866906,2.110173664307266,3.8286713286713288,3.8286713286713288,3.8788508197411553,inf,1.0,2.026723455636974,2.1247094596392113,2.074231821213816,2.071262548365264,4.166666666666667,4.166666666666667,4.151083607978037,inf,1.0,286,224,186,28,38,0.8691588785046729,0.7380952380952381
20,downsampling_16,16.tif,27.91684649690692,14.65796288303841,0.46368148467846354,0.5095568412788957,2.0500560196221262,2.161783523993358,2.1025893228758537,2.0959284250120764,3.9274924471299095,3.9274924471299095,3.9541186562631303,inf,1.0,2.0086746295784943,2.1518060176236475,2.0780716662064473,2.0737343514172,4.2408376963350785,4.2408376963350785,4.262343705436256,inf,1.0,331,252,191,30,61,0.8642533936651584,0.6773049645390071
21,downsampling_16,18.tif,28.714347718253965,14.516369047619046,0.45412326388888885,0.49909806628556624,2.0418834925017846,2.1631850125364833,2.1003825956922078,2.096079282038355,3.7916666666666665,3.7916666666666665,3.792198302573844,inf,1.0,2.038176365195677,2.175611279900114,2.1059394134180036,2.1049850042881117,4.202764976958525,4.202764976958525,4.144008218258321,inf,1.0,384,286,217,38,69,0.8509803921568627,0.6697530864197531
22,downsampling_16,8.tif,15.387276122570238,13.231403672580141,0.7288411660960681,0.797000375970509,2.204824151089048,2.5415826844441027,2.373886878548677,2.375253800112881,7.620915032679738,7.620915032679738,7.098404679151734,inf,1.0,2.1157361424277763,2.4167366928915337,2.2566788320307047,2.237563660772804,7.044117647058823,7.044117647058823,6.672133889331001,2.0211527475256723,1.0,153,146,136,8,10,0.9444444444444444,0.8831168831168831
23,downsampling_16,9.tif,30.34523809523809,17.01190476190476,0.4962585034013606,0.5357936507936507,2.0355040196319796,2.1124293955012683,2.071994262031514,2.068049370961294,3.6857142857142855,3.6857142857142855,3.5280712729190076,inf,1.0,2.009981049695737,2.039924198782949,2.02328911595672,2.019962099391474,3.7590361445783134,3.7590361445783134,3.5867287326486146,inf,1.0,140,113,83,20,30,0.8058252427184466,0.6240601503759399
24,downsampling_2,1.tif,0.24229382637789862,0.20927963708840064,0.9072615294199369,0.9332426741055793,21.26885465213781,22.895525563892257,22.174821150096836,22.255771710560897,469.6801872074883,469.6801872074883,78.4797497583057,0.9405094673618161,1.0,21.076987071614692,23.006072217579064,22.14375464152049,22.245745216633576,471.51623376623377,471.51623376623377,79.2407279704881,0.9387640405426478,1.0,641,616,616,25,0,0.9609984399375975,0.9609984399375975
25,downsampling_2,10.tif,0.43434506644972226,0.3831941428525044,0.8668926823996788,0.9162656820627614,14.609551449089318,16.29604096820339,15.555790687879357,15.68499861581486,248.76986301369863,248.76986301369863,56.128317781701696,0.9801998823918038,1.0,15.006074643373918,17.051510885300452,16.132438659115213,16.243761664377036,259.9802816901408,259.9802816901408,57.639948551343544,0.9787581904290275,1.0,365,355,355,9,0,0.9752747252747253,0.9752747252747253
26,downsampling_2,11.tif,0.23779279878814155,0.2176578290734702,0.908491790452182,0.9374858507399398,21.26959889539946,22.84653962097113,22.139908391097876,22.216684964008195,466.5708737864078,466.5708737864078,78.22249795730437,0.9425438907930381,1.0,20.93007348842241,22.76760795676745,21.935436429764515,22.025917718314382,462.5270541082164,462.5270541082164,78.39147959830113,0.9394641564061376,1.0,515,503,499,13,4,0.974609375,0.9670542635658915
27,downsampling_2,12.tif,0.23113684255162184,0.2195903306634257,0.9227366617488576,0.9508786020047556,21.409707838230002,22.860638608842663,22.202657421267933,22.267198108369346,464.65973534971647,464.65973534971647,78.15074464084287,0.9441961098879382,1.0,20.89046971570378,22.726709452382547,21.904200762735552,22.005684193756277,459.5761078998073,459.5761078998073,78.1924458874161,0.939255435503674,1.0,529,519,519,10,0,0.9810964083175804,0.9810964083175804
28,downsampling_2,13.tif,0.2371697978117958,0.2211514379166814,0.9108870226023291,0.9400352094366509,21.12788419295798,22.825939133820714,22.048507290886587,22.125171979753954,461.55465587044534,461.55465587044534,77.76256896393316,0.9449539377711443,1.0,21.02611872872895,22.62801206984271,21.903422328762467,21.986270257362925,456.98333333333335,456.98333333333335,77.84539738516018,0.9406740429057182,1.0,247,240,240,7,0,0.97165991902834,0.97165991902834
29,downsampling_2,14.tif,0.24392099111335083,0.2183661634939006,0.9078539813857757,0.9356130061166507,20.812317374282994,22.581746969535477,21.79410933621269,21.890553480760257,455.80692167577416,455.80692167577416,77.26578064719277,0.9446344169444088,1.0,20.810969911431886,22.643763928383628,21.81645469381935,21.906664757086844,455.1433962264151,455.1433962264151,77.76481046234254,0.9403045434779456,1.0,549,530,530,18,0,0.9671532846715328,0.9671532846715328
30,downsampling_2,14b.tif,0.4332051741295546,0.3769918606477561,0.8543887098693005,0.9005136629020075,14.725962098514154,16.435195711306125,15.681375627286858,15.78812028221478,246.98429319371726,246.98429319371726,55.84957216537175,0.9825725448880445,1.0,15.071670190458258,16.899088879445628,16.070248303539657,16.160057055886256,258.4230769230769,258.4230769230769,57.494349667917426,0.9783462085812,1.0,191,182,182,9,0,0.9528795811518325,0.9528795811518325
31,downsampling_2,15.tif,0.4330890841166117,0.3857683485910087,0.8739181799008087,0.9186142933215187,14.198725268550879,16.134857197106225,15.328248350084065,15.476897273228728,245.88275862068966,245.88275862068966,55.88778197330493,0.9765471146425029,1.0,15.014697317324966,16.878458706149953,16.05698490458744,16.18127049927558,258.9679715302491,258.9679715302491,57.5364511623112,0.9771387324494702,1.0,290,281,281,6,0,0.9790940766550522,0.9790940766550522
32,downsampling_2,16.tif,0.4403803154748662,0.3859182075990184,0.8534685667455272,0.9061564313903926,14.536548162174885,16.316874144766953,15.551097965047035,15.686866246296969,249.5748502994012,249.5748502994012,56.20554191211907,0.9808031828869102,1.0,14.815222516715709,16.903892008264734,15.956554011930988,16.066277403118203,259.2352941176471,259.2352941176471,57.60512284897021,0.9750990612437745,1.0,334,323,323,7,0,0.9787878787878788,0.9787878787878788
33,downsampling_2,18.tif,0.4366929600815286,0.39128938305955274,0.8634280741994306,0.9139305476193832,14.544486716645366,16.023820978452417,15.382624355296203,15.493680494488714,240.5578406169666,240.5578406169666,55.193837070035315,0.9822165669977493,1.0,14.884782269088879,16.909664651783093,16.007395726194236,16.131319473929455,254.81216931216932,254.81216931216932,57.01941311296445,0.9799004663224246,1.0,389,378,378,8,0,0.9792746113989638,0.9792746113989638
34,downsampling_2,8.tif,0.23568421041264967,0.2173389470957779,0.9122926693154247,0.9388402185918725,21.386596573159604,22.975768713886932,22.267911187692487,22.36196425275599,475.95512820512823,475.95512820512823,78.83292605508038,0.9453482067199414,1.0,21.160757414473387,23.041619644534748,22.184084921595066,22.27180231801196,472.6423841059603,472.6423841059603,79.18943928928545,0.9390245743484792,1.0,156,151,151,4,0,0.9741935483870968,0.9741935483870968
35,downsampling_2,9.tif,0.47452521882540316,0.4040614600860906,0.8573472141146771,0.910663889630355,13.763775057397483,15.543291111294325,14.772653698206192,14.917458035638997,232.74825174825176,232.74825174825176,54.29823531696134,0.9752344292799183,1.0,14.871537660531924,16.65973482691666,15.857969888672772,15.955282890894962,247.83453237410072,247.83453237410072,56.22142023864485,0.9795276486613602,1.0,143,139,139,4,0,0.972027972027972,0.972027972027972
36,downsampling_4,1.tif,0.985801736932995,0.8508760254374197,0.9015317162264155,0.9308197010434692,10.145992960875281,11.357488197851048,10.79325279016558,10.84886629192906,117.2386895475819,117.2386895475819,37.58221155304775,1.027267671904699,1.0,10.003491221912684,11.408161785571638,10.748576923233335,10.800722341418163,118.01296596434359,118.01296596434359,38.0929079907426,1.0160510525031954,1.0,641,617,617,23,0,0.9640625,0.9640625
37,downsampling_4,10.tif,1.7693974714413103,1.5879071932486954,0.8585272492489119,0.9124878914396302,6.6210864402853575,8.13488193898634,7.430703688140412,7.487126141417566,62.14246575342466,62.14246575342466,26.53324831913809,1.128633310810781,1.0,6.510245485459952,8.245772867492052,7.451296975353956,7.525218821860693,63.075842696629216,63.075842696629216,27.171174208503775,1.0699205559043246,1.0,365,356,356,8,0,0.978021978021978,0.978021978021978
38,downsampling_4,11.tif,0.9590473480388985,0.8671478700186319,0.9012369648301499,0.9323893565780468,10.031202078613218,11.331377190717822,10.729671293478546,10.785387878800671,116.38446601941747,116.38446601941747,37.46390834145611,1.0272692860870436,1.0,9.858943519918151,11.3100937468375,10.635654255846147,10.704383585557817,116.26104417670683,116.26104417670683,37.804496972734896,1.015092692155011,1.0,515,499,498,15,1,0.9707602339181286,0.9688715953307393
39,downsampling_4,12.tif,0.9372244428498141,0.875610020964761,0.9137201300596919,0.9442440804114374,10.061135318607022,11.327676743762172,10.743628175301005,10.791485578573688,115.86389413988658,115.86389413988658,37.48603184760651,1.0248486591742845,1.0,9.868137860685765,11.259840690420438,10.606395784492916,10.65913339853469,115.13152804642166,115.13152804642166,37.59879422302819,1.017969011324473,1.0,529,517,517,12,0,0.9773156899810964,0.9773156899810964
40,downsampling_4,13.tif,0.9602919908416938,0.913773738234306,0.9018888409321593,0.9332298732650844,9.948920963227483,11.312200006136417,10.672503477434779,10.72598287223308,115.1336032388664,115.1336032388664,37.24065844366534,1.0291144551763092,1.0,9.784862060703043,11.132428786446143,10.494605358307695,10.545905891888127,113.60669456066945,113.60669456066945,37.33706398556643,1.0159234485482473,1.0,247,240,239,7,1,0.9715447154471545,0.9676113360323887
41,downsampling_4,14.tif,0.9878945967364129,0.899863853252879,0.8976624030160855,0.9306961090869615,9.903454384170946,11.161301207419514,10.587241191304276,10.65138353848623,113.77049180327869,113.77049180327869,37.0213294592911,1.0284049321191653,1.0,9.730628206706658,11.111733681632963,10.474072524918721,10.539728373707998,113.16007532956685,113.16007532956685,37.26692671358393,1.0167839623263153,1.0,549,531,531,17,0,0.968978102189781,0.968978102189781
42,downsampling_4,14b.tif,1.741452885855966,1.5406195988706426,0.784380641930131,0.8395351867429982,7.014158110425031,8.202564619235572,7.637907797293725,7.680453113132237,61.79057591623037,61.79057591623037,26.48001479211469,1.096303620630962,1.0,6.269096825374213,8.00832500820003,7.1906706078070455,7.243430364801597,60.91329479768786,60.91329479768786,26.817038663411054,1.0598733113443317,1.0,191,183,173,7,10,0.9611111111111111,0.9105263157894737
43,downsampling_4,15.tif,1.756038401945811,1.5964114439548136,0.8148635410878556,0.8705935342831091,6.611510626189854,8.02370381685644,7.375596332753212,7.44755069421813,61.275862068965516,61.275862068965516,26.42893353202924,1.090617660163973,1.0,6.337091785851635,7.96014321985401,7.218705073368967,7.3129925364269965,61.393382352941174,61.393382352941174,26.848140264893196,1.0629445873314056,1.0,290,278,272,10,6,0.9645390070921985,0.9444444444444444
44,downsampling_4,16.tif,1.7713941716326511,1.5867943815989372,0.8062117662707114,0.8678607840194281,6.68272825299679,8.155557184221362,7.4805570667694,7.572883891469543,62.39820359281437,62.39820359281437,26.55732699715444,1.1336129551568757,1.0,6.388964520945715,8.07970604856445,7.285613059271826,7.3616221087028375,61.51111111111111,61.51111111111111,26.942988831376386,1.058952887824493,1.0,334,317,315,12,2,0.963302752293578,0.9574468085106383
45,downsampling_4,18.tif,1.7526943696806887,1.6244046309282367,0.8517321086580858,0.9059101663831282,6.78400089589789,8.062677830048614,7.45891794902836,7.5077666065055375,60.239074550128535,60.239074550128535,26.097864231443523,1.1019733573885921,1.0,6.271906261829826,8.062860002446216,7.245882763138502,7.332252965431912,61.29708222811671,61.29708222811671,26.885341082299806,1.0613106372780274,1.0,389,377,377,10,0,0.9741602067183462,0.9741602067183462
46,downsampling_4,8.tif,0.9520422767470839,0.8565376949090518,0.8954149003448152,0.9270448016042312,10.153202494731207,11.486730002791312,10.864980527377659,10.933232708665964,118.82051282051282,118.82051282051282,37.88976738693319,1.0231349854656668,1.0,9.883430146246013,11.395567071540444,10.689193584174843,10.758914502381753,118.31333333333333,118.31333333333333,38.175205366935685,1.0120418103805775,1.0,156,151,150,5,1,0.967741935483871,0.9615384615384616
47,downsampling_4,9.tif,2.0018191317643557,1.6671554193966358,0.8389360965651952,0.8968160327615983,6.432899004326649,7.838199145042701,7.187264921352671,7.262524741756833,58.23076923076923,58.23076923076923,25.559457699150713,1.180706455743891,1.0,6.25968632286651,7.903075055213142,7.132895993427755,7.192873073599319,59.36231884057971,59.36231884057971,26.44220830112419,1.0626841448629172,1.0,143,138,138,4,0,0.971830985915493,0.971830985915493
48,downsampling_8,1.tif,4.108257417345611,3.110766470744121,0.8132352570499757,0.8653068472441193,4.674094973057963,5.578122959017579,5.1505420874666035,5.192159121320522,29.2390625,29.2390625,17.11409276058707,inf,1.0,4.055036714158476,5.631428179692631,4.842164520433687,4.870760072246231,31.075885328836424,31.075885328836424,18.40167927624977,1.1575677009505976,1.0,640,593,593,42,0,0.9338582677165355,0.9338582677165355
49,downsampling_8,10.tif,7.055910982196577,6.082568369113782,0.7871962556394353,0.858702591838631,2.984744520449644,4.188149957354372,3.622986574138382,3.705144074123946,15.469780219780219,15.469780219780219,11.601362223243829,inf,1.0,2.707420949135439,4.149717097140911,3.472774924768361,3.5634533857696025,16.1242774566474,16.1242774566474,12.278343713183661,1.3553630568349184,1.0,364,346,346,16,0,0.9558011049723757,0.9558011049723757
50,downsampling_8,11.tif,3.9263961861563415,3.1107743297322377,0.817937525445809,0.8712305236647091,4.595951979544225,5.5751662302956495,5.1229597462041445,5.187013720176313,29.114563106796115,29.114563106796115,17.1110479886635,1.4791394924318944,1.0,4.0045001795694795,5.659697528805924,4.833265619119611,4.868208622434767,30.95218295218295,30.95218295218295,18.37450469198403,1.1565571378918926,1.0,515,483,352,29,3,0.9238845144356955,0.9166666666666666
51,downsampling_8,12.tif,3.7908834700866736,3.1866124040242667,0.8277044427850276,0.8832331634220268,4.727376602209404,5.631098985381533,5.204012609679062,5.250339682489505,29.081439393939394,29.081439393939394,17.118537367049054,inf,1.0,3.982894644656218,5.594539844289067,4.7808248241804625,4.797988004663291,30.624750499001998,30.624750499001998,18.257889768507585,1.1572708681882422,1.0,528,501,501,26,0,0.9506641366223909,0.9506641366223909
52,downsampling_8,13.tif,4.00832350492663,3.2386376432034427,0.8044029630169721,0.8603508217680004,4.580558499394918,5.464356165548428,5.060367845424466,5.129607596910779,28.489878542510123,28.489878542510123,16.914558094173092,1.4346907618189395,1.0,3.977329749507909,5.405238060512157,4.702997261670519,4.754496780236001,29.70305676855895,29.70305676855895,17.97103425888698,1.1582504515984502,1.0,247,229,229,18,0,0.9271255060728745,0.9271255060728745
53,downsampling_8,14.tif,4.16219535139,3.2754978732096895,0.8097198010537741,0.8665137890575041,4.545774340432776,5.453792728341134,5.035526555421467,5.09222275276618,28.29143897996357,28.29143897996357,16.79704105007847,inf,1.0,3.9630114715714546,5.49211894380164,4.711981755774067,4.716632868179273,30.091617933723196,30.093567251461987,18.0613208733299,1.231958501118524,0.9998050682261208,549,513,437,34,1,0.9278131634819533,0.9258474576271186
54,downsampling_8,14b.tif,7.231835079823965,6.078080060184822,0.7646661235290838,0.8393802034185629,3.003579713358873,4.178574499080545,3.634563880112677,3.726922372272641,15.366492146596858,15.366492146596858,11.519973476378329,inf,1.0,2.666228122882341,4.1282570831806,3.441207979490272,3.5509071371851926,15.899441340782124,15.899441340782124,12.184851906275519,1.3614031857899078,1.0,191,178,56,12,0,0.8235294117647058,0.8235294117647058
55,downsampling_8,15.tif,7.042578281286062,6.107176732544749,0.7606393824644125,0.8331847675301973,2.978950370291547,4.14820620641975,3.605236991374844,3.6951874144947774,15.325259515570934,15.325259515570934,11.56472809584138,1.6259370284115973,1.0,2.7109714456552516,4.080624544453557,3.429418386292456,3.490350193335021,15.884328358208956,15.884328358208956,12.187791691483607,1.354969574183259,1.0,289,269,268,18,1,0.9370629370629371,0.9337979094076655
56,downsampling_8,16.tif,7.287039602028785,5.945486086090595,0.7258218964626791,0.8015274380697823,3.0394655389712284,4.143238362449152,3.6202824527633877,3.683053593560112,15.389221556886227,15.389221556886227,11.614715908553922,inf,1.0,2.6086827027155604,4.062047346919579,3.366613005345985,3.4436639269710216,15.807308970099667,15.807308970099667,12.090322537257151,1.3704184228715892,1.0,334,304,301,24,3,0.9261538461538461,0.9176829268292683
57,downsampling_8,18.tif,7.240465140285323,6.320327003219661,0.7819796820933469,0.8525671705468343,2.9340614819501263,4.113630625268713,3.5488275614045377,3.5983179817412596,14.892030848329048,14.892030848329048,11.362155797732777,inf,1.0,2.654452469389266,4.043545568131622,3.366639391226286,3.417295380579295,15.465940054495913,15.465940054495913,11.941247719610312,1.3764688035030772,1.0,389,368,367,18,1,0.9532467532467532,0.9507772020725389
58,downsampling_8,8.tif,3.999989596813215,3.284631820457805,0.8251828870241866,0.8817776259760556,4.52860568140167,5.57738273422885,5.091851516818234,5.165310308425214,29.44871794871795,29.44871794871795,17.216108651464467,1.3207498000582152,1.0,4.149677840651695,5.572662636568405,4.868964313279049,4.882884394878399,30.513513513513512,30.513513513513512,18.175567442882247,1.1668010475372657,1.0,156,148,148,7,0,0.9548387096774194,0.9548387096774194
59,downsampling_8,9.tif,7.826987691690445,6.712018821053599,0.7842817263107016,0.8625481443378278,2.8755365626027585,4.103521534344073,3.5106887080548317,3.5716812390613035,14.788732394366198,14.788732394366198,11.311397419283303,inf,1.0,2.5950799987165105,4.006193181972001,3.3241499282524107,3.39355707330576,14.956204379562044,14.956204379562044,11.667806317199597,1.3937051577239337,1.0,142,137,137,5,0,0.9647887323943662,0.9647887323943662
60,upsampling_2,1.tif,0.015163758865519317,0.013552654372702158,0.9245995656386016,0.9482494161154802,5.312133466731107,91.0791056405429,52.12947177903086,52.95593919850646,7514.458658346334,7514.458658346334,354.61895674450017,0.7363438300426945,1.0,88.17938707001198,93.79519617610087,91.56263744386594,91.9001255180906,7639.958333333333,7639.958333333333,324.69471892259344,0.9002486057509816,1.0,641,624,624,15,0,0.9765258215962441,0.9765258215962441
61,upsampling_2,10.tif,0.027230630958716848,0.0239749076521989,0.8785422239854638,0.9261945346097111,11.200475214200384,64.056732184814,40.56028189118151,41.04231936070325,3977.895890410959,3977.895890410959,257.2538381138491,0.7451964264739208,1.0,62.4897059793138,68.36103617910344,65.94512722132208,66.20251839957061,4205.888268156425,4205.888268156425,240.54289812502614,0.9077920457861627,1.0,365,359,358,6,2,0.9835164835164835,0.9781420765027322
62,upsampling_2,11.tif,0.014843449532038661,0.01360753293130038,0.9227290283150874,0.9477850498279938,5.342823197926252,90.82987483496571,52.13105379512879,52.88530909919983,7463.036893203884,7463.036893203884,353.5172650660786,0.737865469078756,1.0,87.70134473185465,93.28655912553324,91.05044848597092,91.39350324602073,7529.207171314741,7529.207171314741,322.19978235595335,0.9020632379558338,1.0,515,502,502,13,0,0.974757281553398,0.974757281553398
63,upsampling_2,12.tif,0.014463367470758645,0.014032275846960008,0.9413756544455073,0.966140003447255,5.026204498570488,90.84694302881417,51.959554881085516,52.72860134842131,7434.654064272212,7434.654064272212,353.4915449795703,0.7381181117469782,1.0,86.75381235389294,92.55529424351492,90.26366630665028,90.58702913895169,7448.314285714286,7448.314285714286,320.6217958683872,0.901070561038872,1.0,529,525,525,4,0,0.9924385633270322,0.9924385633270322
64,upsampling_2,13.tif,0.014847686686021893,0.014165294808812788,0.9283661877528838,0.9531769365346295,5.089344514710328,90.61599612320376,51.76301958150822,52.5601986306376,7380.825910931174,7380.825910931174,351.44150343069515,0.7393270804415586,1.0,86.94065740311656,92.3524207399766,90.21456758824262,90.53936128919435,7419.3677685950415,7419.3677685950415,319.6282031874365,0.9002476224905244,1.0,247,242,242,5,0,0.979757085020243,0.979757085020243
65,upsampling_2,14.tif,0.01525913474620488,0.013982625406585937,0.9295231848717007,0.9539743972540545,5.223059899971638,89.82170124987798,51.42549090089665,52.231325505422404,7290.856102003643,7290.856102003643,349.433375162085,0.7379502157275415,1.0,86.21054683320303,92.1286894257835,89.81048550670707,90.1973674029859,7372.4312267658,7372.4312267658,319.01100263191034,0.9006051652377971,1.0,549,538,538,11,0,0.9799635701275046,0.9799635701275046
66,upsampling_2,14b.tif,0.027029425189084876,0.02384790175605431,0.8662484394168731,0.9117224765817014,10.954033834009829,64.7752918434221,40.76465867095684,41.213372809354695,3953.277486910995,3953.277486910995,256.2193248150762,0.7469403142125989,1.0,61.49712277918651,67.81363364790089,65.26831570569829,65.55258561721936,4172.646739130435,4172.646739130435,239.92499300602213,0.9063574985195452,1.0,191,184,59,7,1,0.8939393939393939,0.8805970149253731
67,upsampling_2,15.tif,0.02706339389086939,0.024460505175499008,0.8861433185877019,0.9284812449792069,9.103123341793601,63.478985468433834,40.144088766275864,40.80531123892853,3937.020689655172,3937.020689655172,256.42443566510826,0.7422106890138174,1.0,61.26745148788619,67.37122249608241,64.98683463403715,65.32986879868575,4167.812720848056,4167.812720848056,239.3687050910355,0.9054331070031623,1.0,290,283,283,7,0,0.9758620689655172,0.9758620689655172
68,upsampling_2,16.tif,0.02746477358757792,0.023094394401036045,0.8412318858027286,0.8873885909698063,9.346683901192804,64.27883133556801,40.52052638651782,41.1016724474986,3993.7604790419164,3993.7604790419164,257.7454807194801,0.7449802617553938,1.0,61.559067901790925,67.86687147334759,65.27091063621647,65.57183195251683,4191.91719745223,4191.91719745223,240.33092306541442,0.9067599651245896,1.0,334,314,203,11,1,0.9485981308411215,0.9441860465116279
69,upsampling_2,18.tif,0.027283754801494458,0.024686335879372048,0.8794013191835364,0.9273142915570612,9.479838900991309,63.39741695453799,39.87692212549836,40.4252413977686,3850.149100257069,3850.149100257069,253.32163270910502,0.7456006070874777,1.0,61.237148574648614,67.47617274754536,64.95200821026579,65.26745240529402,4107.931937172775,4107.931937172775,237.69233411541776,0.907475960059168,1.0,389,382,324,4,1,0.9878048780487805,0.9848024316109423
70,upsampling_2,8.tif,0.01475028491416948,0.014050330766880368,0.9391819877877717,0.9624792452270787,5.736500884222392,91.35051710670824,52.83919743881805,53.7622038683569,7613.410256410257,7613.410256410257,356.3978976073048,0.7388922724824815,1.0,88.42422398736485,93.56378385111731,91.56527330698506,91.92230879604048,7624.11038961039,7624.11038961039,323.6466326504535,0.9003209645421191,1.0,156,154,154,2,0,0.9871794871794872,0.9871794871794872
71,upsampling_4,1.tif,0.0037909397163798293,0.0034871130792704227,0.9200819756601285,0.9472810504383393,11.675440120150347,181.4499337345691,104.4334381085244,105.65003859692258,30057.834633385337,30057.834633385337,744.2660359041213,0.6687438787118501,1.0,173.64961532836412,186.42997592347356,181.52781370915903,182.27018202433746,30079.015974440896,30079.015974440896,646.640227260411,0.8922658093993402,1.0,641,626,626,15,0,0.9765990639625585,0.9765990639625585
72,upsampling_4,10.tif,0.006807657739679212,0.006099807274257506,0.872797300387632,0.9182164116441656,23.610356506898146,127.35942963863334,82.19106996068808,83.15899853749114,15911.583561643836,15911.583561643836,541.625144721889,0.6724819445392404,1.0,122.9587903573428,135.14284553582405,130.33606244874017,130.857515115676,16331.183615819209,16331.183615819209,476.649103556846,0.8978072482416655,1.0,365,354,354,9,1,0.9752066115702479,0.9725274725274725
73,upsampling_4,11.tif,0.0037108623830096653,0.00353927538303672,0.9175706075151442,0.9477186015634504,11.899980306395308,181.01839552169764,104.47499447234885,105.6041614694773,29852.147572815535,29852.147572815535,742.0462287662793,0.6699593285721149,1.0,171.923878442994,184.70389378319203,179.54110417809645,180.16167858916197,29473.984158415842,29473.984158415842,640.7338137170871,0.8910652725318201,1.0,515,507,4,7,3,0.36363636363636365,0.2857142857142857
74,upsampling_4,12.tif,0.0036158418676896613,0.00357190311307372,0.9345616377314728,0.9633216767407325,11.143485908382612,180.9730667784157,104.13697066331929,105.22500671758905,29738.61625708885,29738.61625708885,741.999619922222,0.6701791339768338,1.0,170.227267214589,183.5000232806797,178.45212991754377,179.24952902832604,29279.779467680608,29279.779467680608,638.6143478163392,0.8924513817591938,1.0,529,526,526,3,0,0.994328922495274,0.994328922495274
75,upsampling_4,13.tif,0.003711921671505473,0.003488163727470211,0.9123835265374753,0.9409026389128106,11.314287238477556,180.51624365760702,103.77455470250327,105.02181089109543,29523.303643724696,29523.303643724696,737.6066610794375,0.6714650738379228,1.0,172.20968368686388,184.7001368346787,179.75676567228695,180.45017330963094,29276.8375,29276.8375,638.0143681598312,0.8941522943648059,1.0,247,240,240,7,0,0.97165991902834,0.97165991902834
76,upsampling_4,14.tif,0.00381478368655122,0.003530416024027897,0.9150190283763091,0.943685985787212,11.408246400652027,178.93791917821693,103.05424085681815,104.21265018499236,29163.424408014573,29163.424408014573,733.4713400299805,0.6700186024341901,1.0,170.11923839323762,182.97956769382847,177.97346535989365,178.70423105741747,29029.654205607476,29029.654205607476,635.773221225635,0.8928375680549199,1.0,549,535,535,13,0,0.9762773722627737,0.9762773722627737
77,upsampling_4,14b.tif,0.006757356297271219,0.006031960839848937,0.8551880572567815,0.8985065283319333,23.283146711485053,128.90285727313142,82.5135258954468,83.42498705256527,15813.10994764398,15813.10994764398,539.36143023719,0.6743502247853783,1.0,120.89771333420154,132.54266024594114,128.02464173388955,128.5295312009068,16025.618784530387,16025.618784530387,472.8757879900596,0.8966265427333439,1.0,191,181,181,10,0,0.9476439790575916,0.9476439790575916
78,upsampling_4,15.tif,0.0067658484727173476,0.005945511561299408,0.8452302343564608,0.8868033056338935,19.787879644594025,126.13586770697748,81.21439403885955,82.55209924335585,15748.082758620689,15748.082758620689,539.7481255191948,0.6701590110396513,1.0,120.19673751798942,132.5804178993089,127.78183813468662,128.39372978867385,16187.284132841329,16187.284132841329,474.75635957496166,0.8963862490421995,1.0,290,271,271,12,0,0.9575971731448764,0.9575971731448764
79,upsampling_4,16.tif,0.00686619339689448,0.005419005778847712,0.7467941814499213,0.7989226617483843,20.36774661795102,127.68107724905818,82.06020172763974,83.21745784801456,15975.041916167665,15975.041916167665,542.5667975013765,0.6725082033868447,1.0,115.84014581428632,133.64903575007668,126.59825443091265,127.47233709458712,16431.725694444445,16431.725694444445,480.3886334565098,0.8903142212715962,1.0,334,286,61,34,0,0.6421052631578947,0.6421052631578947
80,upsampling_4,18.tif,0.0068209387003736145,0.006292145395249198,0.8783280777279927,0.9243868246630373,20.404315420577362,125.99339883421428,80.75295655475335,81.828423080738,15400.596401028277,15400.596401028277,533.3977200606383,0.6726956558671218,1.0,120.99083536852302,133.26956645034355,128.4859519340295,129.063114906121,15987.492105263158,15987.492105263158,471.7531951247908,0.8971831077269405,1.0,389,380,323,9,1,0.9728915662650602,0.96996996996997
81,upsampling_4,8.tif,0.00368757122854237,0.0034788673998999964,0.9121467974619805,0.9418617839704819,12.57109193052223,181.93662625605307,105.85086378203775,107.2361510460128,30453.641025641027,30453.641025641027,748.0715473366324,0.6708498751266206,1.0,174.36354382089357,186.03143082030863,181.41109363137193,181.97657445065747,30043.342105263157,30043.342105263157,645.622290902568,0.8930056520239252,1.0,156,152,152,4,0,0.9743589743589743,0.9743589743589743
82,upsampling_4,9.tif,0.0074529274673346465,0.006524137565747795,0.8680672430257886,0.919734735760415,20.52291022783713,121.33527801482583,78.0163193434619,79.14245281654591,14890.517482517482,14890.517482517482,524.9840471953099,0.666590995317871,1.0,120.05637276049436,131.8326590340578,127.30975860603284,127.89955232578663,15560.371428571429,15560.371428571429,464.734939441321,0.8977547183808006,1.0,143,140,140,3,0,0.9790209790209791,0.9790209790209791
